{
  "rtime": {
    "sum": 3418.5458924770355,
    "avg": 7.289010431720758,
    "min": 6.722217082977295,
    "p10": 6.734724521636963,
    "median": 7.427331924438477,
    "p75": 7.481560945510864,
    "max": 7.891204118728638,
    "count": 469
  },
  "utime": {
    "sum": 633.7856970000003,
    "avg": 1.3513554307036253,
    "min": 1.1684670000000001,
    "p10": 1.174563,
    "median": 1.3372190000000002,
    "p75": 1.360646,
    "max": 1.618547,
    "count": 469
  },
  "stime": {
    "sum": 220.51891600000016,
    "avg": 0.4701895863539449,
    "min": 0.253572,
    "p10": 0.259689,
    "median": 0.51467,
    "p75": 0.561814,
    "max": 0.580244,
    "count": 469
  },
  "cutime": {
    "sum": 9906.106384999986,
    "avg": 21.121762014925345,
    "min": 19.596432,
    "p10": 19.596432,
    "median": 21.304254,
    "p75": 22.256205,
    "max": 22.256205,
    "count": 469
  },
  "cstime": {
    "sum": 347.2112699999982,
    "avg": 0.740322537313429,
    "min": 0.69964,
    "p10": 0.69964,
    "median": 0.743915,
    "p75": 0.7692560000000001,
    "max": 0.780444,
    "count": 469
  },
  "minor_gb": {
    "sum": 333.3520556688309,
    "avg": 0.7107719737075285,
    "min": 0.6842480897903442,
    "p10": 0.6891487464308739,
    "median": 0.6998605355620384,
    "p75": 0.7053754776716232,
    "max": 0.7691434025764465,
    "count": 469
  },
  "promoted_gb": {
    "sum": 26.350866325199604,
    "avg": 0.056185216045201714,
    "min": 0.05408245325088501,
    "p10": 0.054119788110256195,
    "median": 0.054561272263526917,
    "p75": 0.05512101203203201,
    "max": 0.06226371228694916,
    "count": 469
  },
  "major_gb": {
    "sum": 32.74041969329119,
    "avg": 0.06980899721384048,
    "min": 0.06862982362508774,
    "p10": 0.06862982362508774,
    "median": 0.06997308880090714,
    "p75": 0.07007725536823273,
    "max": 0.07071527093648911,
    "count": 469
  },
  "allocated_gb": {
    "sum": 339.74160903692245,
    "avg": 0.7243957548761673,
    "min": 0.6997632309794426,
    "p10": 0.7046638876199722,
    "median": 0.7153932452201843,
    "p75": 0.7209618464112282,
    "max": 0.7755587846040726,
    "count": 469
  },
  "minor_collections": {
    "sum": 52200.0,
    "avg": 111.30063965884861,
    "min": 107.0,
    "p10": 108.0,
    "median": 109.0,
    "p75": 111.0,
    "max": 120.0,
    "count": 469
  },
  "major_collections": {
    "sum": 2814.0,
    "avg": 6.0,
    "min": 6.0,
    "p10": 6.0,
    "median": 6.0,
    "p75": 6.0,
    "max": 6.0,
    "count": 469
  },
  "compactions": {
    "sum": 0.0,
    "avg": 0.0,
    "min": 0.0,
    "p10": 0.0,
    "median": 0.0,
    "p75": 0.0,
    "max": 0.0,
    "count": 469
  },
  "top_heap_gb": {
    "sum": 31.100872039794922,
    "avg": 0.06631315999956273,
    "min": 0.06011199951171875,
    "p10": 0.06011199951171875,
    "median": 0.06795120239257812,
    "p75": 0.06795120239257812,
    "max": 0.06795120239257812,
    "count": 469
  },
  "stack_kb": {
    "sum": 172.2109375,
    "avg": 0.3671875,
    "min": 0.3671875,
    "p10": 0.3671875,
    "median": 0.3671875,
    "p75": 0.3671875,
    "max": 0.3671875,
    "count": 469
  },
  "minor_heap_kb": {
    "sum": 3842048.0,
    "avg": 8192.0,
    "min": 8192.0,
    "p10": 8192.0,
    "median": 8192.0,
    "p75": 8192.0,
    "max": 8192.0,
    "count": 469
  },
  "attributes_table": {
    "num_bindings": {
      "sum": 0.0,
      "avg": 0.0,
      "min": 0.0,
      "p10": 0.0,
      "median": 0.0,
      "p75": 0.0,
      "max": 0.0,
      "count": 469
    },
    "num_buckets": {
      "sum": 7504.0,
      "avg": 16.0,
      "min": 16.0,
      "p10": 16.0,
      "median": 16.0,
      "p75": 16.0,
      "max": 16.0,
      "count": 469
    },
    "max_bucket_length": {
      "sum": 0.0,
      "avg": 0.0,
      "min": 0.0,
      "p10": 0.0,
      "median": 0.0,
      "p75": 0.0,
      "max": 0.0,
      "count": 469
    }
  }
}