{
  "rtime": 6.725468158721924,
  "utime": 1.1699950000000001,
  "stime": 0.455524,
  "cutime": 20.438809,
  "cstime": 0.743915,
  "minor_gb": 0.6976786032319069,
  "promoted_gb": 0.054657354950904846,
  "major_gb": 0.0702437236905098,
  "allocated_gb": 0.7132649719715118,
  "minor_collections": 110,
  "major_collections": 6,
  "compactions": 0,
  "top_heap_gb": 0.06795120239257812,
  "stack_kb": 0.3671875,
  "minor_heap_kb": 8192.0,
  "attributes_table": {
    "num_bindings": 0,
    "num_buckets": 16,
    "max_bucket_length": 0
  }
}