{
  "rtime": 7.478007793426514,
  "utime": 1.3588140000000002,
  "stime": 0.576386,
  "cutime": 22.256205,
  "cstime": 0.69964,
  "minor_gb": 0.7024419605731964,
  "promoted_gb": 0.054561272263526917,
  "major_gb": 0.07006354629993439,
  "allocated_gb": 0.7179442346096039,
  "minor_collections": 109,
  "major_collections": 6,
  "compactions": 0,
  "top_heap_gb": 0.06795120239257812,
  "stack_kb": 0.3671875,
  "minor_heap_kb": 8192.0,
  "attributes_table": {
    "num_bindings": 0,
    "num_buckets": 16,
    "max_bucket_length": 0
  }
}