{
  "rtime": 7.889986991882324,
  "utime": 1.617992,
  "stime": 0.267407,
  "cutime": 21.304254,
  "cstime": 0.7692560000000001,
  "minor_gb": 0.6956468820571899,
  "promoted_gb": 0.05445794761180878,
  "major_gb": 0.06997308880090714,
  "allocated_gb": 0.7111620232462883,
  "minor_collections": 109,
  "major_collections": 6,
  "compactions": 0,
  "top_heap_gb": 0.06795120239257812,
  "stack_kb": 0.3671875,
  "minor_heap_kb": 8192.0,
  "attributes_table": {
    "num_bindings": 0,
    "num_buckets": 16,
    "max_bucket_length": 0
  }
}