{
  "rtime": 6.75025200843811,
  "utime": 1.1833850000000001,
  "stime": 0.466762,
  "cutime": 20.438809,
  "cstime": 0.743915,
  "minor_gb": 0.7071258351206779,
  "promoted_gb": 0.055128902196884155,
  "major_gb": 0.07071527093648911,
  "allocated_gb": 0.7227122038602829,
  "minor_collections": 112,
  "major_collections": 6,
  "compactions": 0,
  "top_heap_gb": 0.06795120239257812,
  "stack_kb": 0.3671875,
  "minor_heap_kb": 8192.0,
  "attributes_table": {
    "num_bindings": 0,
    "num_buckets": 16,
    "max_bucket_length": 0
  }
}