{
  "rtime": 7.420367956161499,
  "utime": 1.3346520000000002,
  "stime": 0.554643,
  "cutime": 22.256205,
  "cstime": 0.69964,
  "minor_gb": 0.6934036836028099,
  "promoted_gb": 0.054119788110256195,
  "major_gb": 0.06962206214666367,
  "allocated_gb": 0.7089059576392174,
  "minor_collections": 108,
  "major_collections": 6,
  "compactions": 0,
  "top_heap_gb": 0.06795120239257812,
  "stack_kb": 0.3671875,
  "minor_heap_kb": 8192.0,
  "attributes_table": {
    "num_bindings": 0,
    "num_buckets": 16,
    "max_bucket_length": 0
  }
}