{
  "rtime": 6.748934984207153,
  "utime": 1.182752,
  "stime": 0.46608499999999997,
  "cutime": 20.438809,
  "cstime": 0.743915,
  "minor_gb": 0.7065410166978836,
  "promoted_gb": 0.055128902196884155,
  "major_gb": 0.07071527093648911,
  "allocated_gb": 0.7221273854374886,
  "minor_collections": 112,
  "major_collections": 6,
  "compactions": 0,
  "top_heap_gb": 0.06795120239257812,
  "stack_kb": 0.3671875,
  "minor_heap_kb": 8192.0,
  "attributes_table": {
    "num_bindings": 0,
    "num_buckets": 16,
    "max_bucket_length": 0
  }
}