{
  "rtime": 7.885823965072632,
  "utime": 1.616033,
  "stime": 0.26520299999999997,
  "cutime": 21.304254,
  "cstime": 0.7692560000000001,
  "minor_gb": 0.693686231970787,
  "promoted_gb": 0.05445423722267151,
  "major_gb": 0.06996937841176987,
  "allocated_gb": 0.7092013731598854,
  "minor_collections": 108,
  "major_collections": 6,
  "compactions": 0,
  "top_heap_gb": 0.06795120239257812,
  "stack_kb": 0.3671875,
  "minor_heap_kb": 8192.0,
  "attributes_table": {
    "num_bindings": 0,
    "num_buckets": 16,
    "max_bucket_length": 0
  }
}