{
  "rtime": 7.883074045181274,
  "utime": 1.614696,
  "stime": 0.263799,
  "cutime": 21.304254,
  "cstime": 0.7692560000000001,
  "minor_gb": 0.6923796683549881,
  "promoted_gb": 0.05445423722267151,
  "major_gb": 0.06996937841176987,
  "allocated_gb": 0.7078948095440865,
  "minor_collections": 108,
  "major_collections": 6,
  "compactions": 0,
  "top_heap_gb": 0.06795120239257812,
  "stack_kb": 0.3671875,
  "minor_heap_kb": 8192.0,
  "attributes_table": {
    "num_bindings": 0,
    "num_buckets": 16,
    "max_bucket_length": 0
  }
}