{
  "rtime": 6.7433130741119385,
  "utime": 1.179988,
  "stime": 0.46327599999999997,
  "cutime": 20.438809,
  "cstime": 0.743915,
  "minor_gb": 0.7038522362709045,
  "promoted_gb": 0.05512101203203201,
  "major_gb": 0.07070738077163696,
  "allocated_gb": 0.7194386050105095,
  "minor_collections": 111,
  "major_collections": 6,
  "compactions": 0,
  "top_heap_gb": 0.06795120239257812,
  "stack_kb": 0.3671875,
  "minor_heap_kb": 8192.0,
  "attributes_table": {
    "num_bindings": 0,
    "num_buckets": 16,
    "max_bucket_length": 0
  }
}