{
  "rtime": 6.95128607749939,
  "utime": 1.267498,
  "stime": 0.509049,
  "cutime": 19.596432,
  "cstime": 0.780444,
  "minor_gb": 0.7574648559093475,
  "promoted_gb": 0.0622144415974617,
  "major_gb": 0.06862982362508774,
  "allocated_gb": 0.7638802379369736,
  "minor_collections": 119,
  "major_collections": 6,
  "compactions": 0,
  "top_heap_gb": 0.06011199951171875,
  "stack_kb": 0.3671875,
  "minor_heap_kb": 8192.0,
  "attributes_table": {
    "num_bindings": 0,
    "num_buckets": 16,
    "max_bucket_length": 0
  }
}