{
  "rtime": 7.4851579666137695,
  "utime": 1.3623750000000001,
  "stime": 0.579904,
  "cutime": 22.256205,
  "cstime": 0.69964,
  "minor_gb": 0.7046303749084473,
  "promoted_gb": 0.054574981331825256,
  "major_gb": 0.07007725536823273,
  "allocated_gb": 0.7201326489448547,
  "minor_collections": 110,
  "major_collections": 6,
  "compactions": 0,
  "top_heap_gb": 0.06795120239257812,
  "stack_kb": 0.3671875,
  "minor_heap_kb": 8192.0,
  "attributes_table": {
    "num_bindings": 0,
    "num_buckets": 16,
    "max_bucket_length": 0
  }
}