{
  "rtime": 7.8906450271606445,
  "utime": 1.618271,
  "stime": 0.26778599999999997,
  "cutime": 21.304254,
  "cstime": 0.7692560000000001,
  "minor_gb": 0.6959364861249924,
  "promoted_gb": 0.05445794761180878,
  "major_gb": 0.06997308880090714,
  "allocated_gb": 0.7114516273140907,
  "minor_collections": 109,
  "major_collections": 6,
  "compactions": 0,
  "top_heap_gb": 0.06795120239257812,
  "stack_kb": 0.3671875,
  "minor_heap_kb": 8192.0,
  "attributes_table": {
    "num_bindings": 0,
    "num_buckets": 16,
    "max_bucket_length": 0
  }
}