{
  "rtime": 6.734169006347656,
  "utime": 1.17433,
  "stime": 0.45981299999999997,
  "cutime": 20.438809,
  "cstime": 0.743915,
  "minor_gb": 0.7008033767342567,
  "promoted_gb": 0.05512101203203201,
  "major_gb": 0.07070738077163696,
  "allocated_gb": 0.7163897454738617,
  "minor_collections": 111,
  "major_collections": 6,
  "compactions": 0,
  "top_heap_gb": 0.06795120239257812,
  "stack_kb": 0.3671875,
  "minor_heap_kb": 8192.0,
  "attributes_table": {
    "num_bindings": 0,
    "num_buckets": 16,
    "max_bucket_length": 0
  }
}