{
  "rtime": 6.725049018859863,
  "utime": 1.1697840000000002,
  "stime": 0.455316,
  "cutime": 20.438809,
  "cstime": 0.743915,
  "minor_gb": 0.697459951043129,
  "promoted_gb": 0.054657354950904846,
  "major_gb": 0.0702437236905098,
  "allocated_gb": 0.7130463197827339,
  "minor_collections": 110,
  "major_collections": 6,
  "compactions": 0,
  "top_heap_gb": 0.06795120239257812,
  "stack_kb": 0.3671875,
  "minor_heap_kb": 8192.0,
  "attributes_table": {
    "num_bindings": 0,
    "num_buckets": 16,
    "max_bucket_length": 0
  }
}