{
  "rtime": 7.868272066116333,
  "utime": 1.606527,
  "stime": 0.25721099999999997,
  "cutime": 21.304254,
  "cstime": 0.7692560000000001,
  "minor_gb": 0.6873697265982628,
  "promoted_gb": 0.05408245325088501,
  "major_gb": 0.06959759443998337,
  "allocated_gb": 0.7028848677873611,
  "minor_collections": 107,
  "major_collections": 6,
  "compactions": 0,
  "top_heap_gb": 0.06795120239257812,
  "stack_kb": 0.3671875,
  "minor_heap_kb": 8192.0,
  "attributes_table": {
    "num_bindings": 0,
    "num_buckets": 16,
    "max_bucket_length": 0
  }
}