{
  "rtime": 7.878246068954468,
  "utime": 1.611371,
  "stime": 0.262304,
  "cutime": 21.304254,
  "cstime": 0.7692560000000001,
  "minor_gb": 0.6910717859864235,
  "promoted_gb": 0.05445423722267151,
  "major_gb": 0.06996937841176987,
  "allocated_gb": 0.7065869271755219,
  "minor_collections": 108,
  "major_collections": 6,
  "compactions": 0,
  "top_heap_gb": 0.06795120239257812,
  "stack_kb": 0.3671875,
  "minor_heap_kb": 8192.0,
  "attributes_table": {
    "num_bindings": 0,
    "num_buckets": 16,
    "max_bucket_length": 0
  }
}