{
  "rtime": 136.49245691299438,
  "utime": 0.129942,
  "stime": 0.272116,
  "cutime": 213.823247,
  "cstime": 27.054642,
  "minor_gb": 0.027015410363674164,
  "promoted_gb": 0.002497278153896332,
  "major_gb": 0.029411107301712036,
  "allocated_gb": 0.05392923951148987,
  "minor_collections": 10,
  "major_collections": 1,
  "compactions": 0,
  "top_heap_gb": 0.03180694580078125,
  "stack_kb": 0.3671875,
  "minor_heap_kb": 8192.0,
  "attributes_table": {
    "num_bindings": 0,
    "num_buckets": 16,
    "max_bucket_length": 0
  }
}