{
  "rtime": {
    "sum": 187.03163266181946,
    "avg": 0.397939643961318,
    "min": 0.02628016471862793,
    "p10": 0.0312575101852417,
    "median": 0.04139697551727295,
    "p75": 0.1085975170135498,
    "max": 12.129979848861694,
    "count": 470
  },
  "utime": {
    "sum": 106.72482599999992,
    "avg": 0.22707409787234026,
    "min": 0.01159,
    "p10": 0.0134965,
    "median": 0.018256500000000002,
    "p75": 0.0646555,
    "max": 6.833330999999999,
    "count": 470
  },
  "stime": {
    "sum": 9.044499000000007,
    "avg": 0.019243614893617037,
    "min": 0.0035639999999999995,
    "p10": 0.004649000000000001,
    "median": 0.007009,
    "p75": 0.020919000000000004,
    "max": 0.580337,
    "count": 470
  },
  "cutime": {
    "sum": 24.265350999999992,
    "avg": 0.051628406382978706,
    "min": 0.002832,
    "p10": 0.0032905,
    "median": 0.0042565,
    "p75": 0.0046175,
    "max": 22.256205,
    "count": 470
  },
  "cstime": {
    "sum": 2.1290550000000006,
    "avg": 0.00452990425531915,
    "min": 0.00177,
    "p10": 0.0021175,
    "median": 0.002732,
    "p75": 0.0033875,
    "max": 0.69964,
    "count": 470
  },
  "minor_gb": {
    "sum": 109.85173970460892,
    "avg": 0.23372710575448705,
    "min": 0.007149778306484222,
    "p10": 0.0071578919887542725,
    "median": 0.0072149187326431274,
    "p75": 0.013874836266040802,
    "max": 7.645784117281437,
    "count": 470
  },
  "promoted_gb": {
    "sum": 1.4192107915878296,
    "avg": 0.0030195974289102755,
    "min": 0.0015847980976104736,
    "p10": 0.0015847980976104736,
    "median": 0.0015847980976104736,
    "p75": 0.0015847980976104736,
    "max": 0.054574981331825256,
    "count": 470
  },
  "major_gb": {
    "sum": 2.3463099896907806,
    "avg": 0.004992148914235704,
    "min": 0.0016153380274772644,
    "p10": 0.0016153380274772644,
    "median": 0.0016290843486785889,
    "p75": 0.006672874093055725,
    "max": 0.07007725536823273,
    "count": 470
  },
  "allocated_gb": {
    "sum": 110.77883890271187,
    "avg": 0.23569965723981248,
    "min": 0.007180318236351013,
    "p10": 0.007188431918621063,
    "median": 0.007267192006111145,
    "p75": 0.018938247114419937,
    "max": 7.651455283164978,
    "count": 470
  },
  "minor_collections": {
    "sum": 15982.0,
    "avg": 34.00425531914894,
    "min": 5.0,
    "p10": 5.0,
    "median": 5.0,
    "p75": 5.0,
    "max": 986.0,
    "count": 470
  },
  "major_collections": {
    "sum": 125.0,
    "avg": 0.26595744680851063,
    "min": 0.0,
    "p10": 0.0,
    "median": 0.0,
    "p75": 0.0,
    "max": 7.0,
    "count": 470
  },
  "compactions": {
    "sum": 0.0,
    "avg": 0.0,
    "min": 0.0,
    "p10": 0.0,
    "median": 0.0,
    "p75": 0.0,
    "max": 0.0,
    "count": 470
  },
  "top_heap_gb": {
    "sum": 3.4668235778808594,
    "avg": 0.007376220378469914,
    "min": 0.003662109375,
    "p10": 0.003662109375,
    "median": 0.003662109375,
    "p75": 0.01262664794921875,
    "max": 0.06795120239257812,
    "count": 470
  },
  "stack_kb": {
    "sum": 172.578125,
    "avg": 0.3671875,
    "min": 0.3671875,
    "p10": 0.3671875,
    "median": 0.3671875,
    "p75": 0.3671875,
    "max": 0.3671875,
    "count": 470
  },
  "minor_heap_kb": {
    "sum": 3850240.0,
    "avg": 8192.0,
    "min": 8192.0,
    "p10": 8192.0,
    "median": 8192.0,
    "p75": 8192.0,
    "max": 8192.0,
    "count": 470
  },
  "attributes_table": {
    "num_bindings": {
      "sum": 1413.0,
      "avg": 3.0063829787234044,
      "min": 0.0,
      "p10": 0.0,
      "median": 0.0,
      "p75": 2.5,
      "max": 67.0,
      "count": 470
    },
    "num_buckets": {
      "sum": 7632.0,
      "avg": 16.238297872340425,
      "min": 16.0,
      "p10": 16.0,
      "median": 16.0,
      "p75": 16.0,
      "max": 64.0,
      "count": 470
    },
    "max_bucket_length": {
      "sum": 331.0,
      "avg": 0.7042553191489361,
      "min": 0.0,
      "p10": 0.0,
      "median": 0.0,
      "p75": 1.0,
      "max": 6.0,
      "count": 470
    }
  }
}