{
  "rtime": 0.09013009071350098,
  "utime": 0.057566000000000006,
  "stime": 0.016771,
  "cutime": 0.004311,
  "cstime": 0.002869,
  "minor_gb": 0.010141901671886444,
  "promoted_gb": 0.0015847980976104736,
  "major_gb": 0.006640784442424774,
  "allocated_gb": 0.015197888016700745,
  "minor_collections": 5,
  "major_collections": 0,
  "compactions": 0,
  "top_heap_gb": 0.01262664794921875,
  "stack_kb": 0.3671875,
  "minor_heap_kb": 8192.0,
  "attributes_table": {
    "num_bindings": 1,
    "num_buckets": 16,
    "max_bucket_length": 1
  }
}