{
  "rtime": 0.14124083518981934,
  "utime": 0.09676099999999999,
  "stime": 0.024769000000000003,
  "cutime": 0.005748,
  "cstime": 0.005572,
  "minor_gb": 0.0406239852309227,
  "promoted_gb": 0.002769656479358673,
  "major_gb": 0.00785132497549057,
  "allocated_gb": 0.045705653727054596,
  "minor_collections": 9,
  "major_collections": 0,
  "compactions": 0,
  "top_heap_gb": 0.01262664794921875,
  "stack_kb": 0.3671875,
  "minor_heap_kb": 8192.0,
  "attributes_table": {
    "num_bindings": 2,
    "num_buckets": 16,
    "max_bucket_length": 1
  }
}