{
  "rtime": 0.03697705268859863,
  "utime": 0.018346,
  "stime": 0.005817000000000001,
  "cutime": 0.004097,
  "cstime": 0.002803,
  "minor_gb": 0.00725526362657547,
  "promoted_gb": 0.0015847980976104736,
  "major_gb": 0.0016199350357055664,
  "allocated_gb": 0.007290400564670563,
  "minor_collections": 5,
  "major_collections": 0,
  "compactions": 0,
  "top_heap_gb": 0.003662109375,
  "stack_kb": 0.3671875,
  "minor_heap_kb": 8192.0,
  "attributes_table": {
    "num_bindings": 0,
    "num_buckets": 16,
    "max_bucket_length": 0
  }
}