{
  "rtime": 5.20189905166626,
  "utime": 2.7506959999999996,
  "stime": 0.10597899999999999,
  "cutime": 0.005966,
  "cstime": 0.006563,
  "minor_gb": 3.0455295592546463,
  "promoted_gb": 0.013329863548278809,
  "major_gb": 0.018694765865802765,
  "allocated_gb": 3.0508944615721703,
  "minor_collections": 395,
  "major_collections": 3,
  "compactions": 0,
  "top_heap_gb": 0.014522552490234375,
  "stack_kb": 0.3671875,
  "minor_heap_kb": 8192.0,
  "attributes_table": {
    "num_bindings": 11,
    "num_buckets": 16,
    "max_bucket_length": 3
  }
}