{
  "rtime": 0.03418302536010742,
  "utime": 0.015748,
  "stime": 0.005629,
  "cutime": 0.003933,
  "cstime": 0.002594,
  "minor_gb": 0.007245086133480072,
  "promoted_gb": 0.0015847980976104736,
  "major_gb": 0.0016821995377540588,
  "allocated_gb": 0.007342487573623657,
  "minor_collections": 5,
  "major_collections": 0,
  "compactions": 0,
  "top_heap_gb": 0.003662109375,
  "stack_kb": 0.3671875,
  "minor_heap_kb": 8192.0,
  "attributes_table": {
    "num_bindings": 6,
    "num_buckets": 16,
    "max_bucket_length": 1
  }
}