{
  "rtime": 0.15174007415771484,
  "utime": 0.096618,
  "stime": 0.021824999999999997,
  "cutime": 0.003037,
  "cstime": 0.002035,
  "minor_gb": 0.06751550734043121,
  "promoted_gb": 0.0028572753071784973,
  "major_gb": 0.008013501763343811,
  "allocated_gb": 0.07267173379659653,
  "minor_collections": 12,
  "major_collections": 0,
  "compactions": 0,
  "top_heap_gb": 0.01262664794921875,
  "stack_kb": 0.3671875,
  "minor_heap_kb": 8192.0,
  "attributes_table": {
    "num_bindings": 6,
    "num_buckets": 16,
    "max_bucket_length": 2
  }
}