{
  "rtime": 0.03661394119262695,
  "utime": 0.017058999999999998,
  "stime": 0.0061790000000000005,
  "cutime": 0.004361,
  "cstime": 0.002797,
  "minor_gb": 0.007169805467128754,
  "promoted_gb": 0.0015847980976104736,
  "major_gb": 0.001619875431060791,
  "allocated_gb": 0.007204882800579071,
  "minor_collections": 5,
  "major_collections": 0,
  "compactions": 0,
  "top_heap_gb": 0.003662109375,
  "stack_kb": 0.3671875,
  "minor_heap_kb": 8192.0,
  "attributes_table": {
    "num_bindings": 0,
    "num_buckets": 16,
    "max_bucket_length": 0
  }
}