{
  "rtime": 0.03363513946533203,
  "utime": 0.01588,
  "stime": 0.004878,
  "cutime": 0.004062,
  "cstime": 0.002468,
  "minor_gb": 0.007194705307483673,
  "promoted_gb": 0.0015847980976104736,
  "major_gb": 0.0016174614429473877,
  "allocated_gb": 0.007227368652820587,
  "minor_collections": 5,
  "major_collections": 0,
  "compactions": 0,
  "top_heap_gb": 0.003662109375,
  "stack_kb": 0.3671875,
  "minor_heap_kb": 8192.0,
  "attributes_table": {
    "num_bindings": 0,
    "num_buckets": 16,
    "max_bucket_length": 0
  }
}