{
  "rtime": 0.04029989242553711,
  "utime": 0.016686999999999997,
  "stime": 0.005286000000000001,
  "cutime": 0.005105,
  "cstime": 0.003881,
  "minor_gb": 0.007170550525188446,
  "promoted_gb": 0.0015847980976104736,
  "major_gb": 0.0016153380274772644,
  "allocated_gb": 0.007201090455055237,
  "minor_collections": 5,
  "major_collections": 0,
  "compactions": 0,
  "top_heap_gb": 0.003662109375,
  "stack_kb": 0.3671875,
  "minor_heap_kb": 8192.0,
  "attributes_table": {
    "num_bindings": 0,
    "num_buckets": 16,
    "max_bucket_length": 0
  }
}