{
  "rtime": 0.10404515266418457,
  "utime": 0.062801,
  "stime": 0.022344000000000003,
  "cutime": 0.004482,
  "cstime": 0.003997,
  "minor_gb": 0.01550339162349701,
  "promoted_gb": 0.0026705414056777954,
  "major_gb": 0.007796533405780792,
  "allocated_gb": 0.020629383623600006,
  "minor_collections": 6,
  "major_collections": 0,
  "compactions": 0,
  "top_heap_gb": 0.01262664794921875,
  "stack_kb": 0.3671875,
  "minor_heap_kb": 8192.0,
  "attributes_table": {
    "num_bindings": 2,
    "num_buckets": 16,
    "max_bucket_length": 1
  }
}