{
  "rtime": 0.10482096672058105,
  "utime": 0.067414,
  "stime": 0.020095000000000002,
  "cutime": 0.004888,
  "cstime": 0.004257,
  "minor_gb": 0.010141342878341675,
  "promoted_gb": 0.0015847980976104736,
  "major_gb": 0.00664076954126358,
  "allocated_gb": 0.015197314321994781,
  "minor_collections": 5,
  "major_collections": 0,
  "compactions": 0,
  "top_heap_gb": 0.01262664794921875,
  "stack_kb": 0.3671875,
  "minor_heap_kb": 8192.0,
  "attributes_table": {
    "num_bindings": 1,
    "num_buckets": 16,
    "max_bucket_length": 1
  }
}