{
  "rtime": 0.1380481719970703,
  "utime": 0.095942,
  "stime": 0.026136,
  "cutime": 0.004674,
  "cstime": 0.003596,
  "minor_gb": 0.04014015197753906,
  "promoted_gb": 0.0027861595153808594,
  "major_gb": 0.008012294769287109,
  "allocated_gb": 0.04536628723144531,
  "minor_collections": 9,
  "major_collections": 0,
  "compactions": 0,
  "top_heap_gb": 0.01262664794921875,
  "stack_kb": 0.3671875,
  "minor_heap_kb": 8192.0,
  "attributes_table": {
    "num_bindings": 6,
    "num_buckets": 16,
    "max_bucket_length": 2
  }
}