{
  "rtime": 0.10406804084777832,
  "utime": 0.06468400000000001,
  "stime": 0.023312999999999997,
  "cutime": 0.004726,
  "cstime": 0.003334,
  "minor_gb": 0.012215636670589447,
  "promoted_gb": 0.0015847980976104736,
  "major_gb": 0.0066436827182769775,
  "allocated_gb": 0.01727452129125595,
  "minor_collections": 5,
  "major_collections": 0,
  "compactions": 0,
  "top_heap_gb": 0.01262664794921875,
  "stack_kb": 0.3671875,
  "minor_heap_kb": 8192.0,
  "attributes_table": {
    "num_bindings": 6,
    "num_buckets": 16,
    "max_bucket_length": 1
  }
}