{
  "rtime": 0.12388992309570312,
  "utime": 0.06943000000000001,
  "stime": 0.024439000000000002,
  "cutime": 0.005824,
  "cstime": 0.005877,
  "minor_gb": 0.01248331367969513,
  "promoted_gb": 0.0015847980976104736,
  "major_gb": 0.00665794312953949,
  "allocated_gb": 0.017556458711624146,
  "minor_collections": 5,
  "major_collections": 0,
  "compactions": 0,
  "top_heap_gb": 0.01262664794921875,
  "stack_kb": 0.3671875,
  "minor_heap_kb": 8192.0,
  "attributes_table": {
    "num_bindings": 2,
    "num_buckets": 16,
    "max_bucket_length": 1
  }
}