{
  "rtime": 0.037670135498046875,
  "utime": 0.018363,
  "stime": 0.007533999999999999,
  "cutime": 0.004099,
  "cstime": 0.002823,
  "minor_gb": 0.007209785282611847,
  "promoted_gb": 0.0015847980976104736,
  "major_gb": 0.0016194656491279602,
  "allocated_gb": 0.0072444528341293335,
  "minor_collections": 5,
  "major_collections": 0,
  "compactions": 0,
  "top_heap_gb": 0.003662109375,
  "stack_kb": 0.3671875,
  "minor_heap_kb": 8192.0,
  "attributes_table": {
    "num_bindings": 0,
    "num_buckets": 16,
    "max_bucket_length": 0
  }
}