{
  "rtime": 0.03554511070251465,
  "utime": 0.015977,
  "stime": 0.005393,
  "cutime": 0.004253,
  "cstime": 0.002688,
  "minor_gb": 0.007195957005023956,
  "promoted_gb": 0.0015847980976104736,
  "major_gb": 0.001625262200832367,
  "allocated_gb": 0.00723642110824585,
  "minor_collections": 5,
  "major_collections": 0,
  "compactions": 0,
  "top_heap_gb": 0.003662109375,
  "stack_kb": 0.3671875,
  "minor_heap_kb": 8192.0,
  "attributes_table": {
    "num_bindings": 0,
    "num_buckets": 16,
    "max_bucket_length": 0
  }
}