{
  "rtime": 0.09339094161987305,
  "utime": 0.059831,
  "stime": 0.015319,
  "cutime": 0.006108,
  "cstime": 0.005297,
  "minor_gb": 0.010140985250473022,
  "promoted_gb": 0.0015847980976104736,
  "major_gb": 0.00664076954126358,
  "allocated_gb": 0.01519695669412613,
  "minor_collections": 5,
  "major_collections": 0,
  "compactions": 0,
  "top_heap_gb": 0.01262664794921875,
  "stack_kb": 0.3671875,
  "minor_heap_kb": 8192.0,
  "attributes_table": {
    "num_bindings": 1,
    "num_buckets": 16,
    "max_bucket_length": 1
  }
}