{
  "rtime": 0.038117170333862305,
  "utime": 0.015856999999999996,
  "stime": 0.006052999999999999,
  "cutime": 0.004688,
  "cstime": 0.003384,
  "minor_gb": 0.007170557975769043,
  "promoted_gb": 0.0015847980976104736,
  "major_gb": 0.0016153380274772644,
  "allocated_gb": 0.007201097905635834,
  "minor_collections": 5,
  "major_collections": 0,
  "compactions": 0,
  "top_heap_gb": 0.003662109375,
  "stack_kb": 0.3671875,
  "minor_heap_kb": 8192.0,
  "attributes_table": {
    "num_bindings": 0,
    "num_buckets": 16,
    "max_bucket_length": 0
  }
}