{
  "rtime": 0.036348819732666016,
  "utime": 0.015864,
  "stime": 0.005515999999999998,
  "cutime": 0.00476,
  "cstime": 0.003225,
  "minor_gb": 0.00720861554145813,
  "promoted_gb": 0.0015847980976104736,
  "major_gb": 0.001623392105102539,
  "allocated_gb": 0.007247209548950195,
  "minor_collections": 5,
  "major_collections": 0,
  "compactions": 0,
  "top_heap_gb": 0.003662109375,
  "stack_kb": 0.3671875,
  "minor_heap_kb": 8192.0,
  "attributes_table": {
    "num_bindings": 0,
    "num_buckets": 16,
    "max_bucket_length": 0
  }
}