{
  "rtime": 0.03984808921813965,
  "utime": 0.019738999999999996,
  "stime": 0.006699,
  "cutime": 0.004371,
  "cstime": 0.002851,
  "minor_gb": 0.00715811550617218,
  "promoted_gb": 0.0015847980976104736,
  "major_gb": 0.0016153380274772644,
  "allocated_gb": 0.007188655436038971,
  "minor_collections": 5,
  "major_collections": 0,
  "compactions": 0,
  "top_heap_gb": 0.003662109375,
  "stack_kb": 0.3671875,
  "minor_heap_kb": 8192.0,
  "attributes_table": {
    "num_bindings": 0,
    "num_buckets": 16,
    "max_bucket_length": 0
  }
}