{
  "rtime": 0.12781190872192383,
  "utime": 0.087737,
  "stime": 0.023333000000000003,
  "cutime": 0.0041,
  "cstime": 0.002496,
  "minor_gb": 0.03588224947452545,
  "promoted_gb": 0.002729944884777069,
  "major_gb": 0.007832527160644531,
  "allocated_gb": 0.040984831750392914,
  "minor_collections": 8,
  "major_collections": 0,
  "compactions": 0,
  "top_heap_gb": 0.01262664794921875,
  "stack_kb": 0.3671875,
  "minor_heap_kb": 8192.0,
  "attributes_table": {
    "num_bindings": 6,
    "num_buckets": 16,
    "max_bucket_length": 1
  }
}