{
  "rtime": 0.1138310432434082,
  "utime": 0.068203,
  "stime": 0.025567000000000003,
  "cutime": 0.004874,
  "cstime": 0.003463,
  "minor_gb": 0.01331840455532074,
  "promoted_gb": 0.0015847980976104736,
  "major_gb": 0.006649099290370941,
  "allocated_gb": 0.018382705748081207,
  "minor_collections": 5,
  "major_collections": 0,
  "compactions": 0,
  "top_heap_gb": 0.01262664794921875,
  "stack_kb": 0.3671875,
  "minor_heap_kb": 8192.0,
  "attributes_table": {
    "num_bindings": 8,
    "num_buckets": 16,
    "max_bucket_length": 2
  }
}