{
  "rtime": 1.1808578968048096,
  "utime": 0.504679,
  "stime": 0.058862,
  "cutime": 0.00298,
  "cstime": 0.001886,
  "minor_gb": 0.5762007683515549,
  "promoted_gb": 0.004767291247844696,
  "major_gb": 0.010389193892478943,
  "allocated_gb": 0.5818226709961891,
  "minor_collections": 78,
  "major_collections": 1,
  "compactions": 0,
  "top_heap_gb": 0.01262664794921875,
  "stack_kb": 0.3671875,
  "minor_heap_kb": 8192.0,
  "attributes_table": {
    "num_bindings": 22,
    "num_buckets": 16,
    "max_bucket_length": 4
  }
}