{
  "rtime": 0.04707479476928711,
  "utime": 0.021566,
  "stime": 0.010617999999999999,
  "cutime": 0.004194,
  "cstime": 0.002604,
  "minor_gb": 0.007157847285270691,
  "promoted_gb": 0.0015847980976104736,
  "major_gb": 0.0016153380274772644,
  "allocated_gb": 0.007188387215137482,
  "minor_collections": 5,
  "major_collections": 0,
  "compactions": 0,
  "top_heap_gb": 0.003662109375,
  "stack_kb": 0.3671875,
  "minor_heap_kb": 8192.0,
  "attributes_table": {
    "num_bindings": 0,
    "num_buckets": 16,
    "max_bucket_length": 0
  }
}