{
  "rtime": 1.0066099166870117,
  "utime": 0.064688,
  "stime": 0.020985000000000004,
  "cutime": 0.003441,
  "cstime": 0.002454,
  "minor_gb": 0.022119328379631042,
  "promoted_gb": 0.00267164409160614,
  "major_gb": 0.007745072245597839,
  "allocated_gb": 0.02719275653362274,
  "minor_collections": 6,
  "major_collections": 0,
  "compactions": 0,
  "top_heap_gb": 0.01262664794921875,
  "stack_kb": 0.3671875,
  "minor_heap_kb": 8192.0,
  "attributes_table": {
    "num_bindings": 4,
    "num_buckets": 16,
    "max_bucket_length": 2
  }
}