{
  "rtime": 0.818972110748291,
  "utime": 0.622517,
  "stime": 0.07073599999999999,
  "cutime": 0.004527,
  "cstime": 0.003716,
  "minor_gb": 0.6003652215003967,
  "promoted_gb": 0.005098089575767517,
  "major_gb": 0.010881282389163971,
  "allocated_gb": 0.6061484143137932,
  "minor_collections": 81,
  "major_collections": 1,
  "compactions": 0,
  "top_heap_gb": 0.01262664794921875,
  "stack_kb": 0.3671875,
  "minor_heap_kb": 8192.0,
  "attributes_table": {
    "num_bindings": 30,
    "num_buckets": 16,
    "max_bucket_length": 4
  }
}