{
  "rtime": 0.09501290321350098,
  "utime": 0.058474000000000005,
  "stime": 0.023261999999999998,
  "cutime": 0.003623,
  "cstime": 0.002482,
  "minor_gb": 0.014429658651351929,
  "promoted_gb": 0.0015847980976104736,
  "major_gb": 0.006647266447544098,
  "allocated_gb": 0.019492127001285553,
  "minor_collections": 5,
  "major_collections": 0,
  "compactions": 0,
  "top_heap_gb": 0.01262664794921875,
  "stack_kb": 0.3671875,
  "minor_heap_kb": 8192.0,
  "attributes_table": {
    "num_bindings": 3,
    "num_buckets": 16,
    "max_bucket_length": 1
  }
}