{
  "rtime": 0.15811395645141602,
  "utime": 0.115018,
  "stime": 0.025703000000000004,
  "cutime": 0.003573,
  "cstime": 0.003483,
  "minor_gb": 0.0849253386259079,
  "promoted_gb": 0.0029562190175056458,
  "major_gb": 0.008120641112327576,
  "allocated_gb": 0.09008976072072983,
  "minor_collections": 15,
  "major_collections": 0,
  "compactions": 0,
  "top_heap_gb": 0.01262664794921875,
  "stack_kb": 0.3671875,
  "minor_heap_kb": 8192.0,
  "attributes_table": {
    "num_bindings": 7,
    "num_buckets": 16,
    "max_bucket_length": 2
  }
}