{
  "rtime": 0.04081916809082031,
  "utime": 0.018411000000000004,
  "stime": 0.0077589999999999985,
  "cutime": 0.00436,
  "cstime": 0.00279,
  "minor_gb": 0.007257387042045593,
  "promoted_gb": 0.0015847980976104736,
  "major_gb": 0.001620076596736908,
  "allocated_gb": 0.007292665541172028,
  "minor_collections": 5,
  "major_collections": 0,
  "compactions": 0,
  "top_heap_gb": 0.003662109375,
  "stack_kb": 0.3671875,
  "minor_heap_kb": 8192.0,
  "attributes_table": {
    "num_bindings": 0,
    "num_buckets": 16,
    "max_bucket_length": 0
  }
}