{
  "rtime": 0.03009796142578125,
  "utime": 0.013643000000000002,
  "stime": 0.005448999999999999,
  "cutime": 0.003252,
  "cstime": 0.002138,
  "minor_gb": 0.0075989291071891785,
  "promoted_gb": 0.0015847980976104736,
  "major_gb": 0.0017155930399894714,
  "allocated_gb": 0.007729724049568176,
  "minor_collections": 5,
  "major_collections": 0,
  "compactions": 0,
  "top_heap_gb": 0.003662109375,
  "stack_kb": 0.3671875,
  "minor_heap_kb": 8192.0,
  "attributes_table": {
    "num_bindings": 0,
    "num_buckets": 16,
    "max_bucket_length": 0
  }
}