{
  "rtime": 0.07912087440490723,
  "utime": 0.051378999999999994,
  "stime": 0.013137000000000001,
  "cutime": 0.00383,
  "cstime": 0.002392,
  "minor_gb": 0.009833365678787231,
  "promoted_gb": 0.0015847980976104736,
  "major_gb": 0.006636850535869598,
  "allocated_gb": 0.014885418117046356,
  "minor_collections": 5,
  "major_collections": 0,
  "compactions": 0,
  "top_heap_gb": 0.01262664794921875,
  "stack_kb": 0.3671875,
  "minor_heap_kb": 8192.0,
  "attributes_table": {
    "num_bindings": 2,
    "num_buckets": 16,
    "max_bucket_length": 1
  }
}