{
  "rtime": 0.03229212760925293,
  "utime": 0.01308,
  "stime": 0.0054210000000000005,
  "cutime": 0.003568,
  "cstime": 0.002539,
  "minor_gb": 0.0072047412395477295,
  "promoted_gb": 0.0015847980976104736,
  "major_gb": 0.0016289502382278442,
  "allocated_gb": 0.0072488933801651,
  "minor_collections": 5,
  "major_collections": 0,
  "compactions": 0,
  "top_heap_gb": 0.003662109375,
  "stack_kb": 0.3671875,
  "minor_heap_kb": 8192.0,
  "attributes_table": {
    "num_bindings": 0,
    "num_buckets": 16,
    "max_bucket_length": 0
  }
}