{
  "rtime": 0.07046008110046387,
  "utime": 0.043202000000000004,
  "stime": 0.012700999999999999,
  "cutime": 0.003248,
  "cstime": 0.002112,
  "minor_gb": 0.009926527738571167,
  "promoted_gb": 0.0015847980976104736,
  "major_gb": 0.006636425852775574,
  "allocated_gb": 0.014978155493736267,
  "minor_collections": 5,
  "major_collections": 0,
  "compactions": 0,
  "top_heap_gb": 0.01262664794921875,
  "stack_kb": 0.3671875,
  "minor_heap_kb": 8192.0,
  "attributes_table": {
    "num_bindings": 1,
    "num_buckets": 16,
    "max_bucket_length": 1
  }
}