{
  "rtime": 0.03885293006896973,
  "utime": 0.017147000000000003,
  "stime": 0.006258,
  "cutime": 0.00406,
  "cstime": 0.002684,
  "minor_gb": 0.007201343774795532,
  "promoted_gb": 0.0015847980976104736,
  "major_gb": 0.001619093120098114,
  "allocated_gb": 0.007235638797283173,
  "minor_collections": 5,
  "major_collections": 0,
  "compactions": 0,
  "top_heap_gb": 0.003662109375,
  "stack_kb": 0.3671875,
  "minor_heap_kb": 8192.0,
  "attributes_table": {
    "num_bindings": 0,
    "num_buckets": 16,
    "max_bucket_length": 0
  }
}