{
  "rtime": 0.03519797325134277,
  "utime": 0.017019999999999997,
  "stime": 0.005964999999999998,
  "cutime": 0.003828,
  "cstime": 0.002415,
  "minor_gb": 0.007192455232143402,
  "promoted_gb": 0.0015847980976104736,
  "major_gb": 0.0016172751784324646,
  "allocated_gb": 0.007224932312965393,
  "minor_collections": 5,
  "major_collections": 0,
  "compactions": 0,
  "top_heap_gb": 0.003662109375,
  "stack_kb": 0.3671875,
  "minor_heap_kb": 8192.0,
  "attributes_table": {
    "num_bindings": 0,
    "num_buckets": 16,
    "max_bucket_length": 0
  }
}