{
  "rtime": 0.02967214584350586,
  "utime": 0.013731,
  "stime": 0.004977999999999998,
  "cutime": 0.003154,
  "cstime": 0.002025,
  "minor_gb": 0.007474906742572784,
  "promoted_gb": 0.0015847980976104736,
  "major_gb": 0.0016897842288017273,
  "allocated_gb": 0.007579892873764038,
  "minor_collections": 5,
  "major_collections": 0,
  "compactions": 0,
  "top_heap_gb": 0.003662109375,
  "stack_kb": 0.3671875,
  "minor_heap_kb": 8192.0,
  "attributes_table": {
    "num_bindings": 0,
    "num_buckets": 16,
    "max_bucket_length": 0
  }
}