{
  "rtime": 0.04196500778198242,
  "utime": 0.017802,
  "stime": 0.006634000000000001,
  "cutime": 0.004993,
  "cstime": 0.00405,
  "minor_gb": 0.007471159100532532,
  "promoted_gb": 0.0015847980976104736,
  "major_gb": 0.0016884133219718933,
  "allocated_gb": 0.007574774324893951,
  "minor_collections": 5,
  "major_collections": 0,
  "compactions": 0,
  "top_heap_gb": 0.003662109375,
  "stack_kb": 0.3671875,
  "minor_heap_kb": 8192.0,
  "attributes_table": {
    "num_bindings": 0,
    "num_buckets": 16,
    "max_bucket_length": 0
  }
}