{
  "rtime": 3.4473040103912354,
  "utime": 2.734519,
  "stime": 0.07606,
  "cutime": 0.004785,
  "cstime": 0.003548,
  "minor_gb": 3.6297727301716805,
  "promoted_gb": 0.017546892166137695,
  "major_gb": 0.0228397399187088,
  "allocated_gb": 3.6350655779242516,
  "minor_collections": 470,
  "major_collections": 4,
  "compactions": 0,
  "top_heap_gb": 0.016704559326171875,
  "stack_kb": 0.3671875,
  "minor_heap_kb": 8192.0,
  "attributes_table": {
    "num_bindings": 10,
    "num_buckets": 16,
    "max_bucket_length": 2
  }
}