{
  "rtime": 0.029289960861206055,
  "utime": 0.013673999999999999,
  "stime": 0.004244999999999999,
  "cutime": 0.003244,
  "cstime": 0.002138,
  "minor_gb": 0.007167115807533264,
  "promoted_gb": 0.0015847980976104736,
  "major_gb": 0.0016153380274772644,
  "allocated_gb": 0.007197655737400055,
  "minor_collections": 5,
  "major_collections": 0,
  "compactions": 0,
  "top_heap_gb": 0.003662109375,
  "stack_kb": 0.3671875,
  "minor_heap_kb": 8192.0,
  "attributes_table": {
    "num_bindings": 0,
    "num_buckets": 16,
    "max_bucket_length": 0
  }
}