{
  "rtime": 0.03444314002990723,
  "utime": 0.013415,
  "stime": 0.0045249999999999995,
  "cutime": 0.002916,
  "cstime": 0.001821,
  "minor_gb": 0.007303886115550995,
  "promoted_gb": 0.0015847980976104736,
  "major_gb": 0.0016512200236320496,
  "allocated_gb": 0.007370308041572571,
  "minor_collections": 5,
  "major_collections": 0,
  "compactions": 0,
  "top_heap_gb": 0.003662109375,
  "stack_kb": 0.3671875,
  "minor_heap_kb": 8192.0,
  "attributes_table": {
    "num_bindings": 0,
    "num_buckets": 16,
    "max_bucket_length": 0
  }
}