{
  "rtime": 0.10917401313781738,
  "utime": 0.07098199999999999,
  "stime": 0.024836,
  "cutime": 0.004004,
  "cstime": 0.002788,
  "minor_gb": 0.01769375056028366,
  "promoted_gb": 0.0026715248823165894,
  "major_gb": 0.007931604981422424,
  "allocated_gb": 0.022953830659389496,
  "minor_collections": 6,
  "major_collections": 0,
  "compactions": 0,
  "top_heap_gb": 0.01262664794921875,
  "stack_kb": 0.3671875,
  "minor_heap_kb": 8192.0,
  "attributes_table": {
    "num_bindings": 3,
    "num_buckets": 16,
    "max_bucket_length": 1
  }
}