{
  "rtime": 0.13122200965881348,
  "utime": 0.094163,
  "stime": 0.022478,
  "cutime": 0.003228,
  "cstime": 0.002133,
  "minor_gb": 0.06367876380681992,
  "promoted_gb": 0.0028636306524276733,
  "major_gb": 0.007973670959472656,
  "allocated_gb": 0.0687888041138649,
  "minor_collections": 12,
  "major_collections": 0,
  "compactions": 0,
  "top_heap_gb": 0.01262664794921875,
  "stack_kb": 0.3671875,
  "minor_heap_kb": 8192.0,
  "attributes_table": {
    "num_bindings": 6,
    "num_buckets": 16,
    "max_bucket_length": 2
  }
}