{
  "rtime": 0.04813885688781738,
  "utime": 0.019005,
  "stime": 0.006203,
  "cutime": 0.006315,
  "cstime": 0.007535,
  "minor_gb": 0.007178187370300293,
  "promoted_gb": 0.0015847980976104736,
  "major_gb": 0.0016224086284637451,
  "allocated_gb": 0.0072157979011535645,
  "minor_collections": 5,
  "major_collections": 0,
  "compactions": 0,
  "top_heap_gb": 0.003662109375,
  "stack_kb": 0.3671875,
  "minor_heap_kb": 8192.0,
  "attributes_table": {
    "num_bindings": 0,
    "num_buckets": 16,
    "max_bucket_length": 0
  }
}