{
  "rtime": 0.13222289085388184,
  "utime": 0.07935700000000001,
  "stime": 0.02988,
  "cutime": 0.00442,
  "cstime": 0.002834,
  "minor_gb": 0.017177611589431763,
  "promoted_gb": 0.0026768073439598083,
  "major_gb": 0.0077490732073783875,
  "allocated_gb": 0.022249877452850342,
  "minor_collections": 6,
  "major_collections": 0,
  "compactions": 0,
  "top_heap_gb": 0.01262664794921875,
  "stack_kb": 0.3671875,
  "minor_heap_kb": 8192.0,
  "attributes_table": {
    "num_bindings": 6,
    "num_buckets": 16,
    "max_bucket_length": 2
  }
}