{
  "rtime": 0.18982887268066406,
  "utime": 0.11954699999999999,
  "stime": 0.041516,
  "cutime": 0.007159,
  "cstime": 0.007151,
  "minor_gb": 0.04005226492881775,
  "promoted_gb": 0.002789147198200226,
  "major_gb": 0.008005999028682709,
  "allocated_gb": 0.04526911675930023,
  "minor_collections": 9,
  "major_collections": 0,
  "compactions": 0,
  "top_heap_gb": 0.01262664794921875,
  "stack_kb": 0.3671875,
  "minor_heap_kb": 8192.0,
  "attributes_table": {
    "num_bindings": 6,
    "num_buckets": 16,
    "max_bucket_length": 1
  }
}