{
  "rtime": 0.030551910400390625,
  "utime": 0.013314,
  "stime": 0.00451,
  "cutime": 0.003679,
  "cstime": 0.00286,
  "minor_gb": 0.007208146154880524,
  "promoted_gb": 0.0015847980976104736,
  "major_gb": 0.0016233474016189575,
  "allocated_gb": 0.007246695458889008,
  "minor_collections": 5,
  "major_collections": 0,
  "compactions": 0,
  "top_heap_gb": 0.003662109375,
  "stack_kb": 0.3671875,
  "minor_heap_kb": 8192.0,
  "attributes_table": {
    "num_bindings": 0,
    "num_buckets": 16,
    "max_bucket_length": 0
  }
}