{
  "rtime": 0.15019583702087402,
  "utime": 0.109354,
  "stime": 0.026930999999999997,
  "cutime": 0.004097,
  "cstime": 0.002727,
  "minor_gb": 0.05308147519826889,
  "promoted_gb": 0.002776429057121277,
  "major_gb": 0.007896460592746735,
  "allocated_gb": 0.05820150673389435,
  "minor_collections": 10,
  "major_collections": 0,
  "compactions": 0,
  "top_heap_gb": 0.01262664794921875,
  "stack_kb": 0.3671875,
  "minor_heap_kb": 8192.0,
  "attributes_table": {
    "num_bindings": 6,
    "num_buckets": 16,
    "max_bucket_length": 1
  }
}