{
  "rtime": 0.1310131549835205,
  "utime": 0.092249,
  "stime": 0.022354000000000002,
  "cutime": 0.004731,
  "cstime": 0.003644,
  "minor_gb": 0.0406106635928154,
  "promoted_gb": 0.0027654245495796204,
  "major_gb": 0.00784696638584137,
  "allocated_gb": 0.04569220542907715,
  "minor_collections": 9,
  "major_collections": 0,
  "compactions": 0,
  "top_heap_gb": 0.01262664794921875,
  "stack_kb": 0.3671875,
  "minor_heap_kb": 8192.0,
  "attributes_table": {
    "num_bindings": 2,
    "num_buckets": 16,
    "max_bucket_length": 1
  }
}