{
  "rtime": 0.044760942459106445,
  "utime": 0.017359000000000003,
  "stime": 0.007707,
  "cutime": 0.00622,
  "cstime": 0.005178,
  "minor_gb": 0.007207095623016357,
  "promoted_gb": 0.0015847980976104736,
  "major_gb": 0.001628972589969635,
  "allocated_gb": 0.007251270115375519,
  "minor_collections": 5,
  "major_collections": 0,
  "compactions": 0,
  "top_heap_gb": 0.003662109375,
  "stack_kb": 0.3671875,
  "minor_heap_kb": 8192.0,
  "attributes_table": {
    "num_bindings": 0,
    "num_buckets": 16,
    "max_bucket_length": 0
  }
}