{
  "rtime": 0.029623985290527344,
  "utime": 0.013712000000000002,
  "stime": 0.0051670000000000015,
  "cutime": 0.002909,
  "cstime": 0.001892,
  "minor_gb": 0.0071694254875183105,
  "promoted_gb": 0.0015847980976104736,
  "major_gb": 0.0016198158264160156,
  "allocated_gb": 0.0072044432163238525,
  "minor_collections": 5,
  "major_collections": 0,
  "compactions": 0,
  "top_heap_gb": 0.003662109375,
  "stack_kb": 0.3671875,
  "minor_heap_kb": 8192.0,
  "attributes_table": {
    "num_bindings": 0,
    "num_buckets": 16,
    "max_bucket_length": 0
  }
}