{
  "rtime": 0.09531307220458984,
  "utime": 0.06328700000000001,
  "stime": 0.017945999999999997,
  "cutime": 0.004256,
  "cstime": 0.002712,
  "minor_gb": 0.010141782462596893,
  "promoted_gb": 0.0015847980976104736,
  "major_gb": 0.006640762090682983,
  "allocated_gb": 0.015197746455669403,
  "minor_collections": 5,
  "major_collections": 0,
  "compactions": 0,
  "top_heap_gb": 0.01262664794921875,
  "stack_kb": 0.3671875,
  "minor_heap_kb": 8192.0,
  "attributes_table": {
    "num_bindings": 1,
    "num_buckets": 16,
    "max_bucket_length": 1
  }
}