{
  "rtime": 0.027901887893676758,
  "utime": 0.011960000000000002,
  "stime": 0.0041309999999999975,
  "cutime": 0.003284,
  "cstime": 0.002371,
  "minor_gb": 0.007209569215774536,
  "promoted_gb": 0.0015847980976104736,
  "major_gb": 0.001619495451450348,
  "allocated_gb": 0.00724426656961441,
  "minor_collections": 5,
  "major_collections": 0,
  "compactions": 0,
  "top_heap_gb": 0.003662109375,
  "stack_kb": 0.3671875,
  "minor_heap_kb": 8192.0,
  "attributes_table": {
    "num_bindings": 0,
    "num_buckets": 16,
    "max_bucket_length": 0
  }
}