{
  "rtime": 0.0448911190032959,
  "utime": 0.022771999999999997,
  "stime": 0.008751999999999999,
  "cutime": 0.004475,
  "cstime": 0.002823,
  "minor_gb": 0.0071579813957214355,
  "promoted_gb": 0.0015847980976104736,
  "major_gb": 0.0016153380274772644,
  "allocated_gb": 0.007188521325588226,
  "minor_collections": 5,
  "major_collections": 0,
  "compactions": 0,
  "top_heap_gb": 0.003662109375,
  "stack_kb": 0.3671875,
  "minor_heap_kb": 8192.0,
  "attributes_table": {
    "num_bindings": 0,
    "num_buckets": 16,
    "max_bucket_length": 0
  }
}