{
  "rtime": 0.03796100616455078,
  "utime": 0.01706,
  "stime": 0.0061800000000000015,
  "cutime": 0.004532,
  "cstime": 0.002926,
  "minor_gb": 0.007257387042045593,
  "promoted_gb": 0.0015847980976104736,
  "major_gb": 0.001620076596736908,
  "allocated_gb": 0.007292665541172028,
  "minor_collections": 5,
  "major_collections": 0,
  "compactions": 0,
  "top_heap_gb": 0.003662109375,
  "stack_kb": 0.3671875,
  "minor_heap_kb": 8192.0,
  "attributes_table": {
    "num_bindings": 0,
    "num_buckets": 16,
    "max_bucket_length": 0
  }
}