{
  "rtime": 0.0410151481628418,
  "utime": 0.019173999999999997,
  "stime": 0.006670000000000001,
  "cutime": 0.00466,
  "cstime": 0.003224,
  "minor_gb": 0.007603026926517487,
  "promoted_gb": 0.0015847980976104736,
  "major_gb": 0.0017173290252685547,
  "allocated_gb": 0.007735557854175568,
  "minor_collections": 5,
  "major_collections": 0,
  "compactions": 0,
  "top_heap_gb": 0.003662109375,
  "stack_kb": 0.3671875,
  "minor_heap_kb": 8192.0,
  "attributes_table": {
    "num_bindings": 0,
    "num_buckets": 16,
    "max_bucket_length": 0
  }
}