{
  "rtime": 0.14412713050842285,
  "utime": 0.094585,
  "stime": 0.025394,
  "cutime": 0.004328,
  "cstime": 0.003204,
  "minor_gb": 0.04022987186908722,
  "promoted_gb": 0.0027679651975631714,
  "major_gb": 0.008007131516933441,
  "allocated_gb": 0.04546903818845749,
  "minor_collections": 9,
  "major_collections": 0,
  "compactions": 0,
  "top_heap_gb": 0.01262664794921875,
  "stack_kb": 0.3671875,
  "minor_heap_kb": 8192.0,
  "attributes_table": {
    "num_bindings": 6,
    "num_buckets": 16,
    "max_bucket_length": 2
  }
}