{
  "rtime": 0.02794194221496582,
  "utime": 0.012461,
  "stime": 0.004003,
  "cutime": 0.003259,
  "cstime": 0.002022,
  "minor_gb": 0.007194824516773224,
  "promoted_gb": 0.0015847980976104736,
  "major_gb": 0.0016252025961875916,
  "allocated_gb": 0.007235229015350342,
  "minor_collections": 5,
  "major_collections": 0,
  "compactions": 0,
  "top_heap_gb": 0.003662109375,
  "stack_kb": 0.3671875,
  "minor_heap_kb": 8192.0,
  "attributes_table": {
    "num_bindings": 0,
    "num_buckets": 16,
    "max_bucket_length": 0
  }
}