{
  "rtime": 1.7083849906921387,
  "utime": 0.9598319999999999,
  "stime": 0.08434499999999999,
  "cutime": 0.003883,
  "cstime": 0.002425,
  "minor_gb": 1.0190510526299477,
  "promoted_gb": 0.0063994526863098145,
  "major_gb": 0.01176566630601883,
  "allocated_gb": 1.0244172662496567,
  "minor_collections": 135,
  "major_collections": 1,
  "compactions": 0,
  "top_heap_gb": 0.01262664794921875,
  "stack_kb": 0.3671875,
  "minor_heap_kb": 8192.0,
  "attributes_table": {
    "num_bindings": 23,
    "num_buckets": 16,
    "max_bucket_length": 4
  }
}