{
  "rtime": 0.22496795654296875,
  "utime": 0.164555,
  "stime": 0.024440000000000003,
  "cutime": 0.003462,
  "cstime": 0.002255,
  "minor_gb": 0.14985451847314835,
  "promoted_gb": 0.003230750560760498,
  "major_gb": 0.008388042449951172,
  "allocated_gb": 0.15501181036233902,
  "minor_collections": 23,
  "major_collections": 0,
  "compactions": 0,
  "top_heap_gb": 0.01262664794921875,
  "stack_kb": 0.3671875,
  "minor_heap_kb": 8192.0,
  "attributes_table": {
    "num_bindings": 3,
    "num_buckets": 16,
    "max_bucket_length": 1
  }
}