{
  "rtime": 0.03505706787109375,
  "utime": 0.016436,
  "stime": 0.005113999999999999,
  "cutime": 0.004258,
  "cstime": 0.002758,
  "minor_gb": 0.007188573479652405,
  "promoted_gb": 0.0015847980976104736,
  "major_gb": 0.0016153380274772644,
  "allocated_gb": 0.0072191134095191956,
  "minor_collections": 5,
  "major_collections": 0,
  "compactions": 0,
  "top_heap_gb": 0.003662109375,
  "stack_kb": 0.3671875,
  "minor_heap_kb": 8192.0,
  "attributes_table": {
    "num_bindings": 0,
    "num_buckets": 16,
    "max_bucket_length": 0
  }
}