{
  "rtime": 0.027009010314941406,
  "utime": 0.012364,
  "stime": 0.003944000000000001,
  "cutime": 0.003156,
  "cstime": 0.001964,
  "minor_gb": 0.007158152759075165,
  "promoted_gb": 0.0015847980976104736,
  "major_gb": 0.0016153380274772644,
  "allocated_gb": 0.007188692688941956,
  "minor_collections": 5,
  "major_collections": 0,
  "compactions": 0,
  "top_heap_gb": 0.003662109375,
  "stack_kb": 0.3671875,
  "minor_heap_kb": 8192.0,
  "attributes_table": {
    "num_bindings": 0,
    "num_buckets": 16,
    "max_bucket_length": 0
  }
}