{
  "rtime": 0.10139894485473633,
  "utime": 0.063747,
  "stime": 0.022091,
  "cutime": 0.004613,
  "cstime": 0.003166,
  "minor_gb": 0.010139048099517822,
  "promoted_gb": 0.0015847980976104736,
  "major_gb": 0.006640739738941193,
  "allocated_gb": 0.015194989740848541,
  "minor_collections": 5,
  "major_collections": 0,
  "compactions": 0,
  "top_heap_gb": 0.01262664794921875,
  "stack_kb": 0.3671875,
  "minor_heap_kb": 8192.0,
  "attributes_table": {
    "num_bindings": 1,
    "num_buckets": 16,
    "max_bucket_length": 1
  }
}