{
  "rtime": 2.7231788635253906,
  "utime": 1.329115,
  "stime": 0.110039,
  "cutime": 0.00317,
  "cstime": 0.002052,
  "minor_gb": 1.744890607893467,
  "promoted_gb": 0.009099960327148438,
  "major_gb": 0.01467587798833847,
  "allocated_gb": 1.750466525554657,
  "minor_collections": 228,
  "major_collections": 2,
  "compactions": 0,
  "top_heap_gb": 0.014522552490234375,
  "stack_kb": 0.3671875,
  "minor_heap_kb": 8192.0,
  "attributes_table": {
    "num_bindings": 38,
    "num_buckets": 32,
    "max_bucket_length": 3
  }
}