{
  "rtime": 2.349199056625366,
  "utime": 0.97175,
  "stime": 0.075005,
  "cutime": 0.003178,
  "cstime": 0.002103,
  "minor_gb": 1.3847343251109123,
  "promoted_gb": 0.008462816476821899,
  "major_gb": 0.014616221189498901,
  "allocated_gb": 1.3908877298235893,
  "minor_collections": 182,
  "major_collections": 2,
  "compactions": 0,
  "top_heap_gb": 0.014522552490234375,
  "stack_kb": 0.3671875,
  "minor_heap_kb": 8192.0,
  "attributes_table": {
    "num_bindings": 27,
    "num_buckets": 16,
    "max_bucket_length": 4
  }
}