{
  "rtime": 0.029242992401123047,
  "utime": 0.013065,
  "stime": 0.004322000000000001,
  "cutime": 0.003534,
  "cstime": 0.002241,
  "minor_gb": 0.007238820195198059,
  "promoted_gb": 0.0015847980976104736,
  "major_gb": 0.0016377642750740051,
  "allocated_gb": 0.007291786372661591,
  "minor_collections": 5,
  "major_collections": 0,
  "compactions": 0,
  "top_heap_gb": 0.003662109375,
  "stack_kb": 0.3671875,
  "minor_heap_kb": 8192.0,
  "attributes_table": {
    "num_bindings": 0,
    "num_buckets": 16,
    "max_bucket_length": 0
  }
}