{
  "rtime": 0.1265420913696289,
  "utime": 0.086853,
  "stime": 0.024342000000000003,
  "cutime": 0.004362,
  "cstime": 0.003099,
  "minor_gb": 0.044939927756786346,
  "promoted_gb": 0.0027429908514022827,
  "major_gb": 0.007840469479560852,
  "allocated_gb": 0.050037406384944916,
  "minor_collections": 9,
  "major_collections": 0,
  "compactions": 0,
  "top_heap_gb": 0.01262664794921875,
  "stack_kb": 0.3671875,
  "minor_heap_kb": 8192.0,
  "attributes_table": {
    "num_bindings": 4,
    "num_buckets": 16,
    "max_bucket_length": 1
  }
}