{
  "rtime": 0.04369497299194336,
  "utime": 0.017325000000000004,
  "stime": 0.006003999999999999,
  "cutime": 0.004753,
  "cstime": 0.003346,
  "minor_gb": 0.007213376462459564,
  "promoted_gb": 0.0015847980976104736,
  "major_gb": 0.001630432903766632,
  "allocated_gb": 0.007259011268615723,
  "minor_collections": 5,
  "major_collections": 0,
  "compactions": 0,
  "top_heap_gb": 0.003662109375,
  "stack_kb": 0.3671875,
  "minor_heap_kb": 8192.0,
  "attributes_table": {
    "num_bindings": 0,
    "num_buckets": 16,
    "max_bucket_length": 0
  }
}