{
  "rtime": 0.12067604064941406,
  "utime": 0.077138,
  "stime": 0.028430000000000004,
  "cutime": 0.004738,
  "cstime": 0.003149,
  "minor_gb": 0.01769416779279709,
  "promoted_gb": 0.002671368420124054,
  "major_gb": 0.007747262716293335,
  "allocated_gb": 0.02277006208896637,
  "minor_collections": 6,
  "major_collections": 0,
  "compactions": 0,
  "top_heap_gb": 0.01262664794921875,
  "stack_kb": 0.3671875,
  "minor_heap_kb": 8192.0,
  "attributes_table": {
    "num_bindings": 3,
    "num_buckets": 16,
    "max_bucket_length": 1
  }
}