{
  "rtime": 0.09752988815307617,
  "utime": 0.062087,
  "stime": 0.021240000000000002,
  "cutime": 0.004198,
  "cstime": 0.002967,
  "minor_gb": 0.01014060527086258,
  "promoted_gb": 0.0015847980976104736,
  "major_gb": 0.006640762090682983,
  "allocated_gb": 0.015196569263935089,
  "minor_collections": 5,
  "major_collections": 0,
  "compactions": 0,
  "top_heap_gb": 0.01262664794921875,
  "stack_kb": 0.3671875,
  "minor_heap_kb": 8192.0,
  "attributes_table": {
    "num_bindings": 1,
    "num_buckets": 16,
    "max_bucket_length": 1
  }
}