{
  "rtime": 0.07401108741760254,
  "utime": 0.046612,
  "stime": 0.013149999999999998,
  "cutime": 0.004103,
  "cstime": 0.003767,
  "minor_gb": 0.010142013430595398,
  "promoted_gb": 0.0015847980976104736,
  "major_gb": 0.006640762090682983,
  "allocated_gb": 0.015197977423667908,
  "minor_collections": 5,
  "major_collections": 0,
  "compactions": 0,
  "top_heap_gb": 0.01262664794921875,
  "stack_kb": 0.3671875,
  "minor_heap_kb": 8192.0,
  "attributes_table": {
    "num_bindings": 1,
    "num_buckets": 16,
    "max_bucket_length": 1
  }
}