{
  "rtime": 0.03996896743774414,
  "utime": 0.018616999999999998,
  "stime": 0.0060090000000000005,
  "cutime": 0.004792,
  "cstime": 0.003867,
  "minor_gb": 0.007279716432094574,
  "promoted_gb": 0.0015847980976104736,
  "major_gb": 0.001643449068069458,
  "allocated_gb": 0.007338367402553558,
  "minor_collections": 5,
  "major_collections": 0,
  "compactions": 0,
  "top_heap_gb": 0.003662109375,
  "stack_kb": 0.3671875,
  "minor_heap_kb": 8192.0,
  "attributes_table": {
    "num_bindings": 0,
    "num_buckets": 16,
    "max_bucket_length": 0
  }
}