{
  "rtime": 0.03669595718383789,
  "utime": 0.016652,
  "stime": 0.005751000000000001,
  "cutime": 0.00452,
  "cstime": 0.003304,
  "minor_gb": 0.007195860147476196,
  "promoted_gb": 0.0015847980976104736,
  "major_gb": 0.001622997224330902,
  "allocated_gb": 0.007234059274196625,
  "minor_collections": 5,
  "major_collections": 0,
  "compactions": 0,
  "top_heap_gb": 0.003662109375,
  "stack_kb": 0.3671875,
  "minor_heap_kb": 8192.0,
  "attributes_table": {
    "num_bindings": 0,
    "num_buckets": 16,
    "max_bucket_length": 0
  }
}