{
  "rtime": 0.04089093208312988,
  "utime": 0.019475999999999997,
  "stime": 0.007545,
  "cutime": 0.004398,
  "cstime": 0.002768,
  "minor_gb": 0.007475428283214569,
  "promoted_gb": 0.0015847980976104736,
  "major_gb": 0.0016911104321479797,
  "allocated_gb": 0.007581740617752075,
  "minor_collections": 5,
  "major_collections": 0,
  "compactions": 0,
  "top_heap_gb": 0.003662109375,
  "stack_kb": 0.3671875,
  "minor_heap_kb": 8192.0,
  "attributes_table": {
    "num_bindings": 0,
    "num_buckets": 16,
    "max_bucket_length": 0
  }
}