{
  "rtime": 0.03809309005737305,
  "utime": 0.014752999999999999,
  "stime": 0.005633000000000001,
  "cutime": 0.005128,
  "cstime": 0.004765,
  "minor_gb": 0.007169462740421295,
  "promoted_gb": 0.0015847980976104736,
  "major_gb": 0.001619771122932434,
  "allocated_gb": 0.007204435765743256,
  "minor_collections": 5,
  "major_collections": 0,
  "compactions": 0,
  "top_heap_gb": 0.003662109375,
  "stack_kb": 0.3671875,
  "minor_heap_kb": 8192.0,
  "attributes_table": {
    "num_bindings": 0,
    "num_buckets": 16,
    "max_bucket_length": 0
  }
}