{
  "rtime": 0.1733689308166504,
  "utime": 0.115312,
  "stime": 0.036648,
  "cutime": 0.005629,
  "cstime": 0.005568,
  "minor_gb": 0.046325139701366425,
  "promoted_gb": 0.0028077438473701477,
  "major_gb": 0.007947057485580444,
  "allocated_gb": 0.05146445333957672,
  "minor_collections": 10,
  "major_collections": 0,
  "compactions": 0,
  "top_heap_gb": 0.01262664794921875,
  "stack_kb": 0.3671875,
  "minor_heap_kb": 8192.0,
  "attributes_table": {
    "num_bindings": 6,
    "num_buckets": 16,
    "max_bucket_length": 2
  }
}