{
  "rtime": 0.03348398208618164,
  "utime": 0.014137000000000004,
  "stime": 0.0043799999999999985,
  "cutime": 0.00378,
  "cstime": 0.002567,
  "minor_gb": 0.007195673882961273,
  "promoted_gb": 0.0015847980976104736,
  "major_gb": 0.0016252323985099792,
  "allocated_gb": 0.007236108183860779,
  "minor_collections": 5,
  "major_collections": 0,
  "compactions": 0,
  "top_heap_gb": 0.003662109375,
  "stack_kb": 0.3671875,
  "minor_heap_kb": 8192.0,
  "attributes_table": {
    "num_bindings": 0,
    "num_buckets": 16,
    "max_bucket_length": 0
  }
}