{
  "rtime": 0.07212615013122559,
  "utime": 0.047048999999999994,
  "stime": 0.013518,
  "cutime": 0.003191,
  "cstime": 0.001928,
  "minor_gb": 0.010142959654331207,
  "promoted_gb": 0.0015847980976104736,
  "major_gb": 0.006640776991844177,
  "allocated_gb": 0.015198938548564911,
  "minor_collections": 5,
  "major_collections": 0,
  "compactions": 0,
  "top_heap_gb": 0.01262664794921875,
  "stack_kb": 0.3671875,
  "minor_heap_kb": 8192.0,
  "attributes_table": {
    "num_bindings": 1,
    "num_buckets": 16,
    "max_bucket_length": 1
  }
}