{
  "rtime": 0.03563094139099121,
  "utime": 0.016756,
  "stime": 0.005438999999999999,
  "cutime": 0.004361,
  "cstime": 0.002841,
  "minor_gb": 0.007214479148387909,
  "promoted_gb": 0.0015847980976104736,
  "major_gb": 0.0016310438513755798,
  "allocated_gb": 0.007260724902153015,
  "minor_collections": 5,
  "major_collections": 0,
  "compactions": 0,
  "top_heap_gb": 0.003662109375,
  "stack_kb": 0.3671875,
  "minor_heap_kb": 8192.0,
  "attributes_table": {
    "num_bindings": 0,
    "num_buckets": 16,
    "max_bucket_length": 0
  }
}