{
  "rtime": 0.09756302833557129,
  "utime": 0.06357800000000001,
  "stime": 0.016553,
  "cutime": 0.004315,
  "cstime": 0.002684,
  "minor_gb": 0.011547781527042389,
  "promoted_gb": 0.0015847980976104736,
  "major_gb": 0.0066435858607292175,
  "allocated_gb": 0.016606569290161133,
  "minor_collections": 5,
  "major_collections": 0,
  "compactions": 0,
  "top_heap_gb": 0.01262664794921875,
  "stack_kb": 0.3671875,
  "minor_heap_kb": 8192.0,
  "attributes_table": {
    "num_bindings": 2,
    "num_buckets": 16,
    "max_bucket_length": 1
  }
}