{
  "rtime": 0.08544683456420898,
  "utime": 0.055224999999999996,
  "stime": 0.015064000000000001,
  "cutime": 0.004445,
  "cstime": 0.003193,
  "minor_gb": 0.010145947337150574,
  "promoted_gb": 0.0015847980976104736,
  "major_gb": 0.006640776991844177,
  "allocated_gb": 0.015201926231384277,
  "minor_collections": 5,
  "major_collections": 0,
  "compactions": 0,
  "top_heap_gb": 0.01262664794921875,
  "stack_kb": 0.3671875,
  "minor_heap_kb": 8192.0,
  "attributes_table": {
    "num_bindings": 1,
    "num_buckets": 16,
    "max_bucket_length": 1
  }
}