{
  "rtime": 0.20179414749145508,
  "utime": 0.156674,
  "stime": 0.028895000000000004,
  "cutime": 0.003683,
  "cstime": 0.002964,
  "minor_gb": 0.14556944370269775,
  "promoted_gb": 0.003116399049758911,
  "major_gb": 0.008491203188896179,
  "allocated_gb": 0.15094424784183502,
  "minor_collections": 22,
  "major_collections": 0,
  "compactions": 0,
  "top_heap_gb": 0.01262664794921875,
  "stack_kb": 0.3671875,
  "minor_heap_kb": 8192.0,
  "attributes_table": {
    "num_bindings": 10,
    "num_buckets": 16,
    "max_bucket_length": 2
  }
}