{
  "rtime": 0.13410711288452148,
  "utime": 0.09109300000000001,
  "stime": 0.02305,
  "cutime": 0.005497,
  "cstime": 0.004403,
  "minor_gb": 0.03211545944213867,
  "promoted_gb": 0.002715758979320526,
  "major_gb": 0.00789613276720047,
  "allocated_gb": 0.037295833230018616,
  "minor_collections": 8,
  "major_collections": 0,
  "compactions": 0,
  "top_heap_gb": 0.01262664794921875,
  "stack_kb": 0.3671875,
  "minor_heap_kb": 8192.0,
  "attributes_table": {
    "num_bindings": 4,
    "num_buckets": 16,
    "max_bucket_length": 1
  }
}