{
  "rtime": 0.6491050720214844,
  "utime": 0.292728,
  "stime": 0.035488,
  "cutime": 0.003256,
  "cstime": 0.002196,
  "minor_gb": 0.3417588844895363,
  "promoted_gb": 0.0037346556782722473,
  "major_gb": 0.008946686983108521,
  "allocated_gb": 0.34697091579437256,
  "minor_collections": 48,
  "major_collections": 1,
  "compactions": 0,
  "top_heap_gb": 0.01262664794921875,
  "stack_kb": 0.3671875,
  "minor_heap_kb": 8192.0,
  "attributes_table": {
    "num_bindings": 10,
    "num_buckets": 16,
    "max_bucket_length": 2
  }
}