{
  "rtime": 0.04831409454345703,
  "utime": 0.018725,
  "stime": 0.009207,
  "cutime": 0.004244,
  "cstime": 0.002654,
  "minor_gb": 0.0071687251329422,
  "promoted_gb": 0.0015847980976104736,
  "major_gb": 0.001624874770641327,
  "allocated_gb": 0.007208801805973053,
  "minor_collections": 5,
  "major_collections": 0,
  "compactions": 0,
  "top_heap_gb": 0.003662109375,
  "stack_kb": 0.3671875,
  "minor_heap_kb": 8192.0,
  "attributes_table": {
    "num_bindings": 1,
    "num_buckets": 16,
    "max_bucket_length": 1
  }
}