{
  "rtime": 0.02935314178466797,
  "utime": 0.012787,
  "stime": 0.00429,
  "cutime": 0.003182,
  "cstime": 0.002105,
  "minor_gb": 0.007298469543457031,
  "promoted_gb": 0.0015847980976104736,
  "major_gb": 0.0016532093286514282,
  "allocated_gb": 0.007366880774497986,
  "minor_collections": 5,
  "major_collections": 0,
  "compactions": 0,
  "top_heap_gb": 0.003662109375,
  "stack_kb": 0.3671875,
  "minor_heap_kb": 8192.0,
  "attributes_table": {
    "num_bindings": 0,
    "num_buckets": 16,
    "max_bucket_length": 0
  }
}