{
  "rtime": 4.393852949142456,
  "utime": 2.8626869999999998,
  "stime": 0.06409799999999999,
  "cutime": 0.004021,
  "cstime": 0.002493,
  "minor_gb": 2.508938804268837,
  "promoted_gb": 0.027176618576049805,
  "major_gb": 0.03253677487373352,
  "allocated_gb": 2.5142989605665207,
  "minor_collections": 327,
  "major_collections": 5,
  "compactions": 0,
  "top_heap_gb": 0.0220947265625,
  "stack_kb": 0.3671875,
  "minor_heap_kb": 8192.0,
  "attributes_table": {
    "num_bindings": 14,
    "num_buckets": 16,
    "max_bucket_length": 3
  }
}