{
  "rtime": 0.09614205360412598,
  "utime": 0.06376999999999999,
  "stime": 0.018855,
  "cutime": 0.004487,
  "cstime": 0.002796,
  "minor_gb": 0.010159149765968323,
  "promoted_gb": 0.0015847980976104736,
  "major_gb": 0.006643794476985931,
  "allocated_gb": 0.01521814614534378,
  "minor_collections": 5,
  "major_collections": 0,
  "compactions": 0,
  "top_heap_gb": 0.01262664794921875,
  "stack_kb": 0.3671875,
  "minor_heap_kb": 8192.0,
  "attributes_table": {
    "num_bindings": 4,
    "num_buckets": 16,
    "max_bucket_length": 1
  }
}