{
  "rtime": 0.28603696823120117,
  "utime": 0.23440900000000003,
  "stime": 0.03466999999999999,
  "cutime": 0.004298,
  "cstime": 0.002657,
  "minor_gb": 0.19670814275741577,
  "promoted_gb": 0.0033135786652565002,
  "major_gb": 0.008662894368171692,
  "allocated_gb": 0.20205745846033096,
  "minor_collections": 29,
  "major_collections": 0,
  "compactions": 0,
  "top_heap_gb": 0.01262664794921875,
  "stack_kb": 0.3671875,
  "minor_heap_kb": 8192.0,
  "attributes_table": {
    "num_bindings": 10,
    "num_buckets": 16,
    "max_bucket_length": 2
  }
}