{
  "rtime": 0.09390592575073242,
  "utime": 0.062304000000000005,
  "stime": 0.016411,
  "cutime": 0.004335,
  "cstime": 0.002521,
  "minor_gb": 0.01018930971622467,
  "promoted_gb": 0.0015847980976104736,
  "major_gb": 0.006833657622337341,
  "allocated_gb": 0.015438169240951538,
  "minor_collections": 5,
  "major_collections": 0,
  "compactions": 0,
  "top_heap_gb": 0.01262664794921875,
  "stack_kb": 0.3671875,
  "minor_heap_kb": 8192.0,
  "attributes_table": {
    "num_bindings": 2,
    "num_buckets": 16,
    "max_bucket_length": 1
  }
}