{
  "rtime": 0.04280209541320801,
  "utime": 0.018295999999999996,
  "stime": 0.007334,
  "cutime": 0.005206,
  "cstime": 0.004259,
  "minor_gb": 0.007209964096546173,
  "promoted_gb": 0.0015847980976104736,
  "major_gb": 0.001619681715965271,
  "allocated_gb": 0.0072448477149009705,
  "minor_collections": 5,
  "major_collections": 0,
  "compactions": 0,
  "top_heap_gb": 0.003662109375,
  "stack_kb": 0.3671875,
  "minor_heap_kb": 8192.0,
  "attributes_table": {
    "num_bindings": 0,
    "num_buckets": 16,
    "max_bucket_length": 0
  }
}