{
  "rtime": 0.04003787040710449,
  "utime": 0.013812999999999999,
  "stime": 0.010493,
  "cutime": 0.003531,
  "cstime": 0.003423,
  "minor_gb": 0.007169082760810852,
  "promoted_gb": 0.0015847980976104736,
  "major_gb": 0.001619778573513031,
  "allocated_gb": 0.007204063236713409,
  "minor_collections": 5,
  "major_collections": 0,
  "compactions": 0,
  "top_heap_gb": 0.003662109375,
  "stack_kb": 0.3671875,
  "minor_heap_kb": 8192.0,
  "attributes_table": {
    "num_bindings": 0,
    "num_buckets": 16,
    "max_bucket_length": 0
  }
}