{
  "rtime": 0.037258148193359375,
  "utime": 0.018097000000000002,
  "stime": 0.005576000000000001,
  "cutime": 0.004114,
  "cstime": 0.002502,
  "minor_gb": 0.007157705724239349,
  "promoted_gb": 0.0015847980976104736,
  "major_gb": 0.0016153380274772644,
  "allocated_gb": 0.00718824565410614,
  "minor_collections": 5,
  "major_collections": 0,
  "compactions": 0,
  "top_heap_gb": 0.003662109375,
  "stack_kb": 0.3671875,
  "minor_heap_kb": 8192.0,
  "attributes_table": {
    "num_bindings": 0,
    "num_buckets": 16,
    "max_bucket_length": 0
  }
}