{
  "rtime": 1.6253859996795654,
  "utime": 1.216299,
  "stime": 0.099796,
  "cutime": 0.004638,
  "cstime": 0.003214,
  "minor_gb": 1.2571531534194946,
  "promoted_gb": 0.0070774853229522705,
  "major_gb": 0.012500882148742676,
  "allocated_gb": 1.262576550245285,
  "minor_collections": 165,
  "major_collections": 1,
  "compactions": 0,
  "top_heap_gb": 0.01262664794921875,
  "stack_kb": 0.3671875,
  "minor_heap_kb": 8192.0,
  "attributes_table": {
    "num_bindings": 29,
    "num_buckets": 16,
    "max_bucket_length": 5
  }
}