{
  "rtime": 0.21719598770141602,
  "utime": 0.091423,
  "stime": 0.024841000000000002,
  "cutime": 0.004547,
  "cstime": 0.003249,
  "minor_gb": 0.04027942568063736,
  "promoted_gb": 0.0027699321508407593,
  "major_gb": 0.008009821176528931,
  "allocated_gb": 0.04551931470632553,
  "minor_collections": 9,
  "major_collections": 0,
  "compactions": 0,
  "top_heap_gb": 0.01262664794921875,
  "stack_kb": 0.3671875,
  "minor_heap_kb": 8192.0,
  "attributes_table": {
    "num_bindings": 6,
    "num_buckets": 16,
    "max_bucket_length": 2
  }
}