{
  "rtime": 0.8918159008026123,
  "utime": 0.40734,
  "stime": 0.033174999999999996,
  "cutime": 0.003654,
  "cstime": 0.002313,
  "minor_gb": 0.39422155916690826,
  "promoted_gb": 0.003855109214782715,
  "major_gb": 0.008969508111476898,
  "allocated_gb": 0.39933595806360245,
  "minor_collections": 55,
  "major_collections": 1,
  "compactions": 0,
  "top_heap_gb": 0.01262664794921875,
  "stack_kb": 0.3671875,
  "minor_heap_kb": 8192.0,
  "attributes_table": {
    "num_bindings": 5,
    "num_buckets": 16,
    "max_bucket_length": 1
  }
}