{
  "rtime": 0.037123918533325195,
  "utime": 0.014868,
  "stime": 0.005316999999999999,
  "cutime": 0.004311,
  "cstime": 0.003409,
  "minor_gb": 0.0072149187326431274,
  "promoted_gb": 0.0015847980976104736,
  "major_gb": 0.001630924642086029,
  "allocated_gb": 0.007261045277118683,
  "minor_collections": 5,
  "major_collections": 0,
  "compactions": 0,
  "top_heap_gb": 0.003662109375,
  "stack_kb": 0.3671875,
  "minor_heap_kb": 8192.0,
  "attributes_table": {
    "num_bindings": 0,
    "num_buckets": 16,
    "max_bucket_length": 0
  }
}