{
  "rtime": 0.1337440013885498,
  "utime": 0.089542,
  "stime": 0.029076,
  "cutime": 0.0042,
  "cstime": 0.002577,
  "minor_gb": 0.033202432096004486,
  "promoted_gb": 0.0027231574058532715,
  "major_gb": 0.007854737341403961,
  "allocated_gb": 0.038334012031555176,
  "minor_collections": 8,
  "major_collections": 0,
  "compactions": 0,
  "top_heap_gb": 0.01262664794921875,
  "stack_kb": 0.3671875,
  "minor_heap_kb": 8192.0,
  "attributes_table": {
    "num_bindings": 5,
    "num_buckets": 16,
    "max_bucket_length": 1
  }
}