{
  "rtime": 1.0228102207183838,
  "utime": 0.507153,
  "stime": 0.032597,
  "cutime": 0.003421,
  "cstime": 0.002138,
  "minor_gb": 0.7018214091658592,
  "promoted_gb": 0.004607267677783966,
  "major_gb": 0.009721018373966217,
  "allocated_gb": 0.7069351598620415,
  "minor_collections": 94,
  "major_collections": 1,
  "compactions": 0,
  "top_heap_gb": 0.01262664794921875,
  "stack_kb": 0.3671875,
  "minor_heap_kb": 8192.0,
  "attributes_table": {
    "num_bindings": 2,
    "num_buckets": 16,
    "max_bucket_length": 1
  }
}