{
  "rtime": 1.1392431259155273,
  "utime": 0.619577,
  "stime": 0.051581,
  "cutime": 0.006579,
  "cstime": 0.007351,
  "minor_gb": 0.6377014666795731,
  "promoted_gb": 0.004962004721164703,
  "major_gb": 0.010324962437152863,
  "allocated_gb": 0.6430644243955612,
  "minor_collections": 86,
  "major_collections": 1,
  "compactions": 0,
  "top_heap_gb": 0.01262664794921875,
  "stack_kb": 0.3671875,
  "minor_heap_kb": 8192.0,
  "attributes_table": {
    "num_bindings": 6,
    "num_buckets": 16,
    "max_bucket_length": 3
  }
}