{
  "rtime": 0.028309106826782227,
  "utime": 0.011623999999999999,
  "stime": 0.004017999999999999,
  "cutime": 0.003618,
  "cstime": 0.003066,
  "minor_gb": 0.007209748029708862,
  "promoted_gb": 0.0015847980976104736,
  "major_gb": 0.001619681715965271,
  "allocated_gb": 0.00724463164806366,
  "minor_collections": 5,
  "major_collections": 0,
  "compactions": 0,
  "top_heap_gb": 0.003662109375,
  "stack_kb": 0.3671875,
  "minor_heap_kb": 8192.0,
  "attributes_table": {
    "num_bindings": 0,
    "num_buckets": 16,
    "max_bucket_length": 0
  }
}