{
  "rtime": 0.09650516510009766,
  "utime": 0.060732,
  "stime": 0.017643,
  "cutime": 0.005909,
  "cstime": 0.004999,
  "minor_gb": 0.010141946375370026,
  "promoted_gb": 0.0015847980976104736,
  "major_gb": 0.006640762090682983,
  "allocated_gb": 0.015197910368442535,
  "minor_collections": 5,
  "major_collections": 0,
  "compactions": 0,
  "top_heap_gb": 0.01262664794921875,
  "stack_kb": 0.3671875,
  "minor_heap_kb": 8192.0,
  "attributes_table": {
    "num_bindings": 1,
    "num_buckets": 16,
    "max_bucket_length": 1
  }
}