{
  "rtime": 0.0911250114440918,
  "utime": 0.058688,
  "stime": 0.016636,
  "cutime": 0.00381,
  "cstime": 0.002453,
  "minor_gb": 0.01442701369524002,
  "promoted_gb": 0.0015847980976104736,
  "major_gb": 0.006647266447544098,
  "allocated_gb": 0.019489482045173645,
  "minor_collections": 5,
  "major_collections": 0,
  "compactions": 0,
  "top_heap_gb": 0.01262664794921875,
  "stack_kb": 0.3671875,
  "minor_heap_kb": 8192.0,
  "attributes_table": {
    "num_bindings": 3,
    "num_buckets": 16,
    "max_bucket_length": 1
  }
}