{
  "rtime": 0.21380615234375,
  "utime": 0.158344,
  "stime": 0.035224,
  "cutime": 0.004426,
  "cstime": 0.003179,
  "minor_gb": 0.08486034721136093,
  "promoted_gb": 0.002950899302959442,
  "major_gb": 0.008114829659461975,
  "allocated_gb": 0.09002427756786346,
  "minor_collections": 15,
  "major_collections": 0,
  "compactions": 0,
  "top_heap_gb": 0.01262664794921875,
  "stack_kb": 0.3671875,
  "minor_heap_kb": 8192.0,
  "attributes_table": {
    "num_bindings": 7,
    "num_buckets": 16,
    "max_bucket_length": 3
  }
}