{
  "rtime": 0.10043883323669434,
  "utime": 0.063433,
  "stime": 0.020249999999999997,
  "cutime": 0.004431,
  "cstime": 0.002829,
  "minor_gb": 0.012481272220611572,
  "promoted_gb": 0.0015847980976104736,
  "major_gb": 0.006657898426055908,
  "allocated_gb": 0.017554372549057007,
  "minor_collections": 5,
  "major_collections": 0,
  "compactions": 0,
  "top_heap_gb": 0.01262664794921875,
  "stack_kb": 0.3671875,
  "minor_heap_kb": 8192.0,
  "attributes_table": {
    "num_bindings": 2,
    "num_buckets": 16,
    "max_bucket_length": 1
  }
}