{
  "rtime": 0.29064297676086426,
  "utime": 0.15359299999999998,
  "stime": 0.031894,
  "cutime": 0.004546,
  "cstime": 0.002906,
  "minor_gb": 0.0848478376865387,
  "promoted_gb": 0.0029495060443878174,
  "major_gb": 0.008113361895084381,
  "allocated_gb": 0.09001169353723526,
  "minor_collections": 15,
  "major_collections": 0,
  "compactions": 0,
  "top_heap_gb": 0.01262664794921875,
  "stack_kb": 0.3671875,
  "minor_heap_kb": 8192.0,
  "attributes_table": {
    "num_bindings": 7,
    "num_buckets": 16,
    "max_bucket_length": 3
  }
}