{
  "rtime": 0.262300968170166,
  "utime": 0.214719,
  "stime": 0.02687,
  "cutime": 0.004157,
  "cstime": 0.00255,
  "minor_gb": 0.14637600630521774,
  "promoted_gb": 0.0031524598598480225,
  "major_gb": 0.008254535496234894,
  "allocated_gb": 0.15147808194160461,
  "minor_collections": 22,
  "major_collections": 0,
  "compactions": 0,
  "top_heap_gb": 0.01262664794921875,
  "stack_kb": 0.3671875,
  "minor_heap_kb": 8192.0,
  "attributes_table": {
    "num_bindings": 2,
    "num_buckets": 16,
    "max_bucket_length": 1
  }
}