{
  "rtime": 0.035559892654418945,
  "utime": 0.016120999999999996,
  "stime": 0.0055730000000000016,
  "cutime": 0.004328,
  "cstime": 0.002664,
  "minor_gb": 0.0071703046560287476,
  "promoted_gb": 0.0015847980976104736,
  "major_gb": 0.0016153380274772644,
  "allocated_gb": 0.007200844585895538,
  "minor_collections": 5,
  "major_collections": 0,
  "compactions": 0,
  "top_heap_gb": 0.003662109375,
  "stack_kb": 0.3671875,
  "minor_heap_kb": 8192.0,
  "attributes_table": {
    "num_bindings": 0,
    "num_buckets": 16,
    "max_bucket_length": 0
  }
}