{
  "rtime": 0.12724900245666504,
  "utime": 0.08602900000000001,
  "stime": 0.023326999999999997,
  "cutime": 0.003482,
  "cstime": 0.002094,
  "minor_gb": 0.04111785441637039,
  "promoted_gb": 0.002793431282043457,
  "major_gb": 0.007967740297317505,
  "allocated_gb": 0.04629216343164444,
  "minor_collections": 9,
  "major_collections": 0,
  "compactions": 0,
  "top_heap_gb": 0.01262664794921875,
  "stack_kb": 0.3671875,
  "minor_heap_kb": 8192.0,
  "attributes_table": {
    "num_bindings": 6,
    "num_buckets": 16,
    "max_bucket_length": 2
  }
}