{
  "rtime": 0.03602409362792969,
  "utime": 0.017198,
  "stime": 0.0049960000000000004,
  "cutime": 0.004496,
  "cstime": 0.002701,
  "minor_gb": 0.007170163094997406,
  "promoted_gb": 0.0015847980976104736,
  "major_gb": 0.0016153380274772644,
  "allocated_gb": 0.007200703024864197,
  "minor_collections": 5,
  "major_collections": 0,
  "compactions": 0,
  "top_heap_gb": 0.003662109375,
  "stack_kb": 0.3671875,
  "minor_heap_kb": 8192.0,
  "attributes_table": {
    "num_bindings": 0,
    "num_buckets": 16,
    "max_bucket_length": 0
  }
}