{
  "rtime": 0.07881903648376465,
  "utime": 0.048882,
  "stime": 0.016815,
  "cutime": 0.003471,
  "cstime": 0.002164,
  "minor_gb": 0.010144032537937164,
  "promoted_gb": 0.0015847980976104736,
  "major_gb": 0.006640762090682983,
  "allocated_gb": 0.015199996531009674,
  "minor_collections": 5,
  "major_collections": 0,
  "compactions": 0,
  "top_heap_gb": 0.01262664794921875,
  "stack_kb": 0.3671875,
  "minor_heap_kb": 8192.0,
  "attributes_table": {
    "num_bindings": 1,
    "num_buckets": 16,
    "max_bucket_length": 1
  }
}