{
  "rtime": 0.04330086708068848,
  "utime": 0.019260999999999997,
  "stime": 0.008243,
  "cutime": 0.004737,
  "cstime": 0.00359,
  "minor_gb": 0.007471457123756409,
  "promoted_gb": 0.0015847980976104736,
  "major_gb": 0.0016895979642868042,
  "allocated_gb": 0.007576256990432739,
  "minor_collections": 5,
  "major_collections": 0,
  "compactions": 0,
  "top_heap_gb": 0.003662109375,
  "stack_kb": 0.3671875,
  "minor_heap_kb": 8192.0,
  "attributes_table": {
    "num_bindings": 0,
    "num_buckets": 16,
    "max_bucket_length": 0
  }
}