{
  "rtime": 8.581432104110718,
  "utime": 5.0856520000000005,
  "stime": 0.129415,
  "cutime": 0.00506,
  "cstime": 0.003998,
  "minor_gb": 5.637147694826126,
  "promoted_gb": 0.024253137409687042,
  "major_gb": 0.029666386544704437,
  "allocated_gb": 5.6425609439611435,
  "minor_collections": 728,
  "major_collections": 5,
  "compactions": 0,
  "top_heap_gb": 0.016704559326171875,
  "stack_kb": 0.3671875,
  "minor_heap_kb": 8192.0,
  "attributes_table": {
    "num_bindings": 4,
    "num_buckets": 16,
    "max_bucket_length": 1
  }
}