{
  "rtime": 0.03135180473327637,
  "utime": 0.013805999999999999,
  "stime": 0.004844000000000001,
  "cutime": 0.003118,
  "cstime": 0.001959,
  "minor_gb": 0.00723971426486969,
  "promoted_gb": 0.0015847980976104736,
  "major_gb": 0.0016383230686187744,
  "allocated_gb": 0.007293239235877991,
  "minor_collections": 5,
  "major_collections": 0,
  "compactions": 0,
  "top_heap_gb": 0.003662109375,
  "stack_kb": 0.3671875,
  "minor_heap_kb": 8192.0,
  "attributes_table": {
    "num_bindings": 0,
    "num_buckets": 16,
    "max_bucket_length": 0
  }
}