{
  "rtime": 0.10133504867553711,
  "utime": 0.072754,
  "stime": 0.017268000000000002,
  "cutime": 0.003278,
  "cstime": 0.001959,
  "minor_gb": 0.04028746485710144,
  "promoted_gb": 0.002784259617328644,
  "major_gb": 0.007998690009117126,
  "allocated_gb": 0.04550189524888992,
  "minor_collections": 9,
  "major_collections": 0,
  "compactions": 0,
  "top_heap_gb": 0.01262664794921875,
  "stack_kb": 0.3671875,
  "minor_heap_kb": 8192.0,
  "attributes_table": {
    "num_bindings": 6,
    "num_buckets": 16,
    "max_bucket_length": 2
  }
}