{
  "rtime": 0.04353213310241699,
  "utime": 0.018326,
  "stime": 0.008559000000000001,
  "cutime": 0.004717,
  "cstime": 0.003992,
  "minor_gb": 0.007201343774795532,
  "promoted_gb": 0.0015847980976104736,
  "major_gb": 0.001619093120098114,
  "allocated_gb": 0.007235638797283173,
  "minor_collections": 5,
  "major_collections": 0,
  "compactions": 0,
  "top_heap_gb": 0.003662109375,
  "stack_kb": 0.3671875,
  "minor_heap_kb": 8192.0,
  "attributes_table": {
    "num_bindings": 0,
    "num_buckets": 16,
    "max_bucket_length": 0
  }
}