{
  "rtime": 0.12161993980407715,
  "utime": 0.044005,
  "stime": 0.014571999999999998,
  "cutime": 0.004094,
  "cstime": 0.003712,
  "minor_gb": 0.011336095631122589,
  "promoted_gb": 0.0015847980976104736,
  "major_gb": 0.006641581654548645,
  "allocated_gb": 0.01639287918806076,
  "minor_collections": 5,
  "major_collections": 0,
  "compactions": 0,
  "top_heap_gb": 0.01262664794921875,
  "stack_kb": 0.3671875,
  "minor_heap_kb": 8192.0,
  "attributes_table": {
    "num_bindings": 4,
    "num_buckets": 16,
    "max_bucket_length": 1
  }
}