{
  "rtime": 0.03987288475036621,
  "utime": 0.017708,
  "stime": 0.007098,
  "cutime": 0.004443,
  "cstime": 0.002783,
  "minor_gb": 0.007157713174819946,
  "promoted_gb": 0.0015847980976104736,
  "major_gb": 0.0016153380274772644,
  "allocated_gb": 0.007188253104686737,
  "minor_collections": 5,
  "major_collections": 0,
  "compactions": 0,
  "top_heap_gb": 0.003662109375,
  "stack_kb": 0.3671875,
  "minor_heap_kb": 8192.0,
  "attributes_table": {
    "num_bindings": 0,
    "num_buckets": 16,
    "max_bucket_length": 0
  }
}