{
  "rtime": 0.12453293800354004,
  "utime": 0.08685000000000001,
  "stime": 0.022212000000000003,
  "cutime": 0.004225,
  "cstime": 0.002473,
  "minor_gb": 0.031564898788928986,
  "promoted_gb": 0.0027635395526885986,
  "major_gb": 0.007848255336284637,
  "allocated_gb": 0.036649614572525024,
  "minor_collections": 8,
  "major_collections": 0,
  "compactions": 0,
  "top_heap_gb": 0.01262664794921875,
  "stack_kb": 0.3671875,
  "minor_heap_kb": 8192.0,
  "attributes_table": {
    "num_bindings": 7,
    "num_buckets": 16,
    "max_bucket_length": 2
  }
}