{
  "rtime": 0.03189492225646973,
  "utime": 0.012615000000000001,
  "stime": 0.004288,
  "cutime": 0.003507,
  "cstime": 0.002218,
  "minor_gb": 0.007195234298706055,
  "promoted_gb": 0.0015847980976104736,
  "major_gb": 0.0016252174973487854,
  "allocated_gb": 0.0072356536984443665,
  "minor_collections": 5,
  "major_collections": 0,
  "compactions": 0,
  "top_heap_gb": 0.003662109375,
  "stack_kb": 0.3671875,
  "minor_heap_kb": 8192.0,
  "attributes_table": {
    "num_bindings": 0,
    "num_buckets": 16,
    "max_bucket_length": 0
  }
}