{
  "rtime": 0.0376131534576416,
  "utime": 0.017984,
  "stime": 0.006111,
  "cutime": 0.004342,
  "cstime": 0.002661,
  "minor_gb": 0.0071698203682899475,
  "promoted_gb": 0.0015847980976104736,
  "major_gb": 0.0016153380274772644,
  "allocated_gb": 0.007200360298156738,
  "minor_collections": 5,
  "major_collections": 0,
  "compactions": 0,
  "top_heap_gb": 0.003662109375,
  "stack_kb": 0.3671875,
  "minor_heap_kb": 8192.0,
  "attributes_table": {
    "num_bindings": 0,
    "num_buckets": 16,
    "max_bucket_length": 0
  }
}