{
  "rtime": 0.028109073638916016,
  "utime": 0.012326,
  "stime": 0.003986999999999999,
  "cutime": 0.003292,
  "cstime": 0.002019,
  "minor_gb": 0.007169581949710846,
  "promoted_gb": 0.0015847980976104736,
  "major_gb": 0.0016198232769966125,
  "allocated_gb": 0.007204607129096985,
  "minor_collections": 5,
  "major_collections": 0,
  "compactions": 0,
  "top_heap_gb": 0.003662109375,
  "stack_kb": 0.3671875,
  "minor_heap_kb": 8192.0,
  "attributes_table": {
    "num_bindings": 0,
    "num_buckets": 16,
    "max_bucket_length": 0
  }
}