{
  "rtime": 0.11349201202392578,
  "utime": 0.06931999999999999,
  "stime": 0.022896000000000003,
  "cutime": 0.004656,
  "cstime": 0.003659,
  "minor_gb": 0.010140202939510345,
  "promoted_gb": 0.0015847980976104736,
  "major_gb": 0.0066407546401023865,
  "allocated_gb": 0.015196159482002258,
  "minor_collections": 5,
  "major_collections": 0,
  "compactions": 0,
  "top_heap_gb": 0.01262664794921875,
  "stack_kb": 0.3671875,
  "minor_heap_kb": 8192.0,
  "attributes_table": {
    "num_bindings": 1,
    "num_buckets": 16,
    "max_bucket_length": 1
  }
}