{
  "rtime": 2.181107997894287,
  "utime": 1.452952,
  "stime": 0.12462600000000001,
  "cutime": 0.004415,
  "cstime": 0.00307,
  "minor_gb": 1.2558902725577354,
  "promoted_gb": 0.00719095766544342,
  "major_gb": 0.01261097937822342,
  "allocated_gb": 1.2613102942705154,
  "minor_collections": 165,
  "major_collections": 2,
  "compactions": 0,
  "top_heap_gb": 0.01262664794921875,
  "stack_kb": 0.3671875,
  "minor_heap_kb": 8192.0,
  "attributes_table": {
    "num_bindings": 28,
    "num_buckets": 16,
    "max_bucket_length": 5
  }
}