{
  "rtime": 0.09865403175354004,
  "utime": 0.063985,
  "stime": 0.019826000000000003,
  "cutime": 0.00446,
  "cstime": 0.002908,
  "minor_gb": 0.010140016674995422,
  "promoted_gb": 0.0015847980976104736,
  "major_gb": 0.0066407546401023865,
  "allocated_gb": 0.015195973217487335,
  "minor_collections": 5,
  "major_collections": 0,
  "compactions": 0,
  "top_heap_gb": 0.01262664794921875,
  "stack_kb": 0.3671875,
  "minor_heap_kb": 8192.0,
  "attributes_table": {
    "num_bindings": 1,
    "num_buckets": 16,
    "max_bucket_length": 1
  }
}