{
  "rtime": 0.03651690483093262,
  "utime": 0.015643999999999998,
  "stime": 0.005280000000000002,
  "cutime": 0.004564,
  "cstime": 0.003323,
  "minor_gb": 0.007169760763645172,
  "promoted_gb": 0.0015847980976104736,
  "major_gb": 0.0016198530793190002,
  "allocated_gb": 0.007204815745353699,
  "minor_collections": 5,
  "major_collections": 0,
  "compactions": 0,
  "top_heap_gb": 0.003662109375,
  "stack_kb": 0.3671875,
  "minor_heap_kb": 8192.0,
  "attributes_table": {
    "num_bindings": 0,
    "num_buckets": 16,
    "max_bucket_length": 0
  }
}