{
  "rtime": 0.03407406806945801,
  "utime": 0.015901,
  "stime": 0.005523,
  "cutime": 0.004016,
  "cstime": 0.002439,
  "minor_gb": 0.00721440464258194,
  "promoted_gb": 0.0015847980976104736,
  "major_gb": 0.0016309693455696106,
  "allocated_gb": 0.007260575890541077,
  "minor_collections": 5,
  "major_collections": 0,
  "compactions": 0,
  "top_heap_gb": 0.003662109375,
  "stack_kb": 0.3671875,
  "minor_heap_kb": 8192.0,
  "attributes_table": {
    "num_bindings": 0,
    "num_buckets": 16,
    "max_bucket_length": 0
  }
}