{
  "rtime": 0.03550601005554199,
  "utime": 0.016216,
  "stime": 0.005507999999999999,
  "cutime": 0.004096,
  "cstime": 0.002491,
  "minor_gb": 0.007169380784034729,
  "promoted_gb": 0.0015847980976104736,
  "major_gb": 0.0016197934746742249,
  "allocated_gb": 0.00720437616109848,
  "minor_collections": 5,
  "major_collections": 0,
  "compactions": 0,
  "top_heap_gb": 0.003662109375,
  "stack_kb": 0.3671875,
  "minor_heap_kb": 8192.0,
  "attributes_table": {
    "num_bindings": 0,
    "num_buckets": 16,
    "max_bucket_length": 0
  }
}