{
  "rtime": 1.1909708976745605,
  "utime": 0.667441,
  "stime": 0.08763899999999999,
  "cutime": 0.005574,
  "cstime": 0.003822,
  "minor_gb": 0.5028933882713318,
  "promoted_gb": 0.004712000489234924,
  "major_gb": 0.010463371872901917,
  "allocated_gb": 0.5086447596549988,
  "minor_collections": 69,
  "major_collections": 1,
  "compactions": 0,
  "top_heap_gb": 0.01262664794921875,
  "stack_kb": 0.3671875,
  "minor_heap_kb": 8192.0,
  "attributes_table": {
    "num_bindings": 26,
    "num_buckets": 16,
    "max_bucket_length": 4
  }
}