{
  "rtime": 0.09697294235229492,
  "utime": 0.062162,
  "stime": 0.020099000000000002,
  "cutime": 0.004617,
  "cstime": 0.002959,
  "minor_gb": 0.010293856263160706,
  "promoted_gb": 0.0015847980976104736,
  "major_gb": 0.006638802587985992,
  "allocated_gb": 0.015347860753536224,
  "minor_collections": 5,
  "major_collections": 0,
  "compactions": 0,
  "top_heap_gb": 0.01262664794921875,
  "stack_kb": 0.3671875,
  "minor_heap_kb": 8192.0,
  "attributes_table": {
    "num_bindings": 3,
    "num_buckets": 16,
    "max_bucket_length": 1
  }
}