{
  "rtime": 0.039359092712402344,
  "utime": 0.015595000000000001,
  "stime": 0.004907,
  "cutime": 0.00433,
  "cstime": 0.002731,
  "minor_gb": 0.007157802581787109,
  "promoted_gb": 0.0015847980976104736,
  "major_gb": 0.0016153380274772644,
  "allocated_gb": 0.0071883425116539,
  "minor_collections": 5,
  "major_collections": 0,
  "compactions": 0,
  "top_heap_gb": 0.003662109375,
  "stack_kb": 0.3671875,
  "minor_heap_kb": 8192.0,
  "attributes_table": {
    "num_bindings": 0,
    "num_buckets": 16,
    "max_bucket_length": 0
  }
}