{
  "rtime": 0.14910507202148438,
  "utime": 0.108093,
  "stime": 0.024499,
  "cutime": 0.003846,
  "cstime": 0.002379,
  "minor_gb": 0.05377572774887085,
  "promoted_gb": 0.002816908061504364,
  "major_gb": 0.007902458310127258,
  "allocated_gb": 0.058861277997493744,
  "minor_collections": 11,
  "major_collections": 0,
  "compactions": 0,
  "top_heap_gb": 0.01262664794921875,
  "stack_kb": 0.3671875,
  "minor_heap_kb": 8192.0,
  "attributes_table": {
    "num_bindings": 2,
    "num_buckets": 16,
    "max_bucket_length": 1
  }
}