{
  "rtime": 0.14539813995361328,
  "utime": 0.101757,
  "stime": 0.026422,
  "cutime": 0.004913,
  "cstime": 0.003346,
  "minor_gb": 0.039957113564014435,
  "promoted_gb": 0.0027927830815315247,
  "major_gb": 0.00797928124666214,
  "allocated_gb": 0.04514361172914505,
  "minor_collections": 9,
  "major_collections": 0,
  "compactions": 0,
  "top_heap_gb": 0.01262664794921875,
  "stack_kb": 0.3671875,
  "minor_heap_kb": 8192.0,
  "attributes_table": {
    "num_bindings": 6,
    "num_buckets": 16,
    "max_bucket_length": 2
  }
}