{
  "rtime": 0.2764308452606201,
  "utime": 0.216202,
  "stime": 0.038586999999999996,
  "cutime": 0.005074,
  "cstime": 0.003421,
  "minor_gb": 0.14556702971458435,
  "promoted_gb": 0.003120630979537964,
  "major_gb": 0.008474841713905334,
  "allocated_gb": 0.15092124044895172,
  "minor_collections": 22,
  "major_collections": 0,
  "compactions": 0,
  "top_heap_gb": 0.01262664794921875,
  "stack_kb": 0.3671875,
  "minor_heap_kb": 8192.0,
  "attributes_table": {
    "num_bindings": 10,
    "num_buckets": 16,
    "max_bucket_length": 2
  }
}