{
  "rtime": 0.04145693778991699,
  "utime": 0.019141999999999996,
  "stime": 0.007741,
  "cutime": 0.00463,
  "cstime": 0.003222,
  "minor_gb": 0.0071988776326179504,
  "promoted_gb": 0.0015847980976104736,
  "major_gb": 0.0016274601221084595,
  "allocated_gb": 0.007241539657115936,
  "minor_collections": 5,
  "major_collections": 0,
  "compactions": 0,
  "top_heap_gb": 0.003662109375,
  "stack_kb": 0.3671875,
  "minor_heap_kb": 8192.0,
  "attributes_table": {
    "num_bindings": 0,
    "num_buckets": 16,
    "max_bucket_length": 0
  }
}