{
  "rtime": 5.686553955078125,
  "utime": 4.679816,
  "stime": 0.102884,
  "cutime": 0.004334,
  "cstime": 0.002694,
  "minor_gb": 7.645784117281437,
  "promoted_gb": 0.03870429843664169,
  "major_gb": 0.0443754643201828,
  "allocated_gb": 7.651455283164978,
  "minor_collections": 986,
  "major_collections": 7,
  "compactions": 0,
  "top_heap_gb": 0.0192108154296875,
  "stack_kb": 0.3671875,
  "minor_heap_kb": 8192.0,
  "attributes_table": {
    "num_bindings": 26,
    "num_buckets": 16,
    "max_bucket_length": 4
  }
}