{
  "rtime": 0.02968001365661621,
  "utime": 0.011953000000000002,
  "stime": 0.004874,
  "cutime": 0.003509,
  "cstime": 0.002711,
  "minor_gb": 0.007196485996246338,
  "promoted_gb": 0.0015847980976104736,
  "major_gb": 0.0016253069043159485,
  "allocated_gb": 0.007236994802951813,
  "minor_collections": 5,
  "major_collections": 0,
  "compactions": 0,
  "top_heap_gb": 0.003662109375,
  "stack_kb": 0.3671875,
  "minor_heap_kb": 8192.0,
  "attributes_table": {
    "num_bindings": 0,
    "num_buckets": 16,
    "max_bucket_length": 0
  }
}