{
  "rtime": 0.05043792724609375,
  "utime": 0.024659,
  "stime": 0.008047,
  "cutime": 0.004527,
  "cstime": 0.002649,
  "minor_gb": 0.007214091718196869,
  "promoted_gb": 0.0015847980976104736,
  "major_gb": 0.0016309618949890137,
  "allocated_gb": 0.007260255515575409,
  "minor_collections": 5,
  "major_collections": 0,
  "compactions": 0,
  "top_heap_gb": 0.003662109375,
  "stack_kb": 0.3671875,
  "minor_heap_kb": 8192.0,
  "attributes_table": {
    "num_bindings": 0,
    "num_buckets": 16,
    "max_bucket_length": 0
  }
}