{
  "rtime": 0.03080010414123535,
  "utime": 0.013336,
  "stime": 0.0058720000000000005,
  "cutime": 0.003138,
  "cstime": 0.001928,
  "minor_gb": 0.007206045091152191,
  "promoted_gb": 0.0015847980976104736,
  "major_gb": 0.0016290843486785889,
  "allocated_gb": 0.007250331342220306,
  "minor_collections": 5,
  "major_collections": 0,
  "compactions": 0,
  "top_heap_gb": 0.003662109375,
  "stack_kb": 0.3671875,
  "minor_heap_kb": 8192.0,
  "attributes_table": {
    "num_bindings": 0,
    "num_buckets": 16,
    "max_bucket_length": 0
  }
}