{
  "rtime": 0.03280377388000488,
  "utime": 0.014267000000000002,
  "stime": 0.005049999999999999,
  "cutime": 0.003341,
  "cstime": 0.002114,
  "minor_gb": 0.0076021477580070496,
  "promoted_gb": 0.0015847980976104736,
  "major_gb": 0.0017175748944282532,
  "allocated_gb": 0.007734924554824829,
  "minor_collections": 5,
  "major_collections": 0,
  "compactions": 0,
  "top_heap_gb": 0.003662109375,
  "stack_kb": 0.3671875,
  "minor_heap_kb": 8192.0,
  "attributes_table": {
    "num_bindings": 0,
    "num_buckets": 16,
    "max_bucket_length": 0
  }
}