{
  "rtime": 0.2540109157562256,
  "utime": 0.17306,
  "stime": 0.020634,
  "cutime": 0.003301,
  "cstime": 0.002298,
  "minor_gb": 0.21689102798700333,
  "promoted_gb": 0.0033048689365386963,
  "major_gb": 0.008466646075248718,
  "allocated_gb": 0.22205280512571335,
  "minor_collections": 31,
  "major_collections": 0,
  "compactions": 0,
  "top_heap_gb": 0.01262664794921875,
  "stack_kb": 0.3671875,
  "minor_heap_kb": 8192.0,
  "attributes_table": {
    "num_bindings": 5,
    "num_buckets": 16,
    "max_bucket_length": 2
  }
}