{
  "rtime": 0.035737037658691406,
  "utime": 0.015559999999999997,
  "stime": 0.005416000000000001,
  "cutime": 0.004821,
  "cstime": 0.003391,
  "minor_gb": 0.007194831967353821,
  "promoted_gb": 0.0015847980976104736,
  "major_gb": 0.0016252100467681885,
  "allocated_gb": 0.007235243916511536,
  "minor_collections": 5,
  "major_collections": 0,
  "compactions": 0,
  "top_heap_gb": 0.003662109375,
  "stack_kb": 0.3671875,
  "minor_heap_kb": 8192.0,
  "attributes_table": {
    "num_bindings": 0,
    "num_buckets": 16,
    "max_bucket_length": 0
  }
}