{
  "rtime": 0.0943751335144043,
  "utime": 0.059125,
  "stime": 0.019782,
  "cutime": 0.003351,
  "cstime": 0.002209,
  "minor_gb": 0.01769866794347763,
  "promoted_gb": 0.0026716887950897217,
  "major_gb": 0.007795877754688263,
  "allocated_gb": 0.022822856903076172,
  "minor_collections": 6,
  "major_collections": 0,
  "compactions": 0,
  "top_heap_gb": 0.01262664794921875,
  "stack_kb": 0.3671875,
  "minor_heap_kb": 8192.0,
  "attributes_table": {
    "num_bindings": 3,
    "num_buckets": 16,
    "max_bucket_length": 1
  }
}