{
  "rtime": 0.16750812530517578,
  "utime": 0.118478,
  "stime": 0.029028,
  "cutime": 0.005147,
  "cstime": 0.003975,
  "minor_gb": 0.05321527272462845,
  "promoted_gb": 0.0027959048748016357,
  "major_gb": 0.007920123636722565,
  "allocated_gb": 0.05833949148654938,
  "minor_collections": 10,
  "major_collections": 0,
  "compactions": 0,
  "top_heap_gb": 0.01262664794921875,
  "stack_kb": 0.3671875,
  "minor_heap_kb": 8192.0,
  "attributes_table": {
    "num_bindings": 6,
    "num_buckets": 16,
    "max_bucket_length": 2
  }
}