{
  "rtime": 0.09625482559204102,
  "utime": 0.06380000000000001,
  "stime": 0.018938000000000003,
  "cutime": 0.004436,
  "cstime": 0.002731,
  "minor_gb": 0.010140955448150635,
  "promoted_gb": 0.0015847980976104736,
  "major_gb": 0.00664076954126358,
  "allocated_gb": 0.015196926891803741,
  "minor_collections": 5,
  "major_collections": 0,
  "compactions": 0,
  "top_heap_gb": 0.01262664794921875,
  "stack_kb": 0.3671875,
  "minor_heap_kb": 8192.0,
  "attributes_table": {
    "num_bindings": 1,
    "num_buckets": 16,
    "max_bucket_length": 1
  }
}