{
  "rtime": 0.10955595970153809,
  "utime": 0.05009000000000001,
  "stime": 0.022563,
  "cutime": 0.00355,
  "cstime": 0.003273,
  "minor_gb": 0.013111218810081482,
  "promoted_gb": 0.0015847980976104736,
  "major_gb": 0.006673432886600494,
  "allocated_gb": 0.018199853599071503,
  "minor_collections": 5,
  "major_collections": 0,
  "compactions": 0,
  "top_heap_gb": 0.01262664794921875,
  "stack_kb": 0.3671875,
  "minor_heap_kb": 8192.0,
  "attributes_table": {
    "num_bindings": 4,
    "num_buckets": 16,
    "max_bucket_length": 1
  }
}