{
  "rtime": 0.27391910552978516,
  "utime": 0.14851899999999998,
  "stime": 0.034409,
  "cutime": 0.003181,
  "cstime": 0.002101,
  "minor_gb": 0.14983925223350525,
  "promoted_gb": 0.003193207085132599,
  "major_gb": 0.008371859788894653,
  "allocated_gb": 0.1550179049372673,
  "minor_collections": 23,
  "major_collections": 0,
  "compactions": 0,
  "top_heap_gb": 0.01262664794921875,
  "stack_kb": 0.3671875,
  "minor_heap_kb": 8192.0,
  "attributes_table": {
    "num_bindings": 26,
    "num_buckets": 16,
    "max_bucket_length": 6
  }
}