{
  "rtime": 0.04144406318664551,
  "utime": 0.018719999999999997,
  "stime": 0.007351000000000002,
  "cutime": 0.00452,
  "cstime": 0.003032,
  "minor_gb": 0.007602132856845856,
  "promoted_gb": 0.0015847980976104736,
  "major_gb": 0.001716814935207367,
  "allocated_gb": 0.007734149694442749,
  "minor_collections": 5,
  "major_collections": 0,
  "compactions": 0,
  "top_heap_gb": 0.003662109375,
  "stack_kb": 0.3671875,
  "minor_heap_kb": 8192.0,
  "attributes_table": {
    "num_bindings": 0,
    "num_buckets": 16,
    "max_bucket_length": 0
  }
}