{
  "rtime": 0.16355299949645996,
  "utime": 0.08335200000000001,
  "stime": 0.028189999999999996,
  "cutime": 0.003734,
  "cstime": 0.002463,
  "minor_gb": 0.032224006950855255,
  "promoted_gb": 0.002756677567958832,
  "major_gb": 0.007984474301338196,
  "allocated_gb": 0.03745180368423462,
  "minor_collections": 8,
  "major_collections": 0,
  "compactions": 0,
  "top_heap_gb": 0.01262664794921875,
  "stack_kb": 0.3671875,
  "minor_heap_kb": 8192.0,
  "attributes_table": {
    "num_bindings": 6,
    "num_buckets": 16,
    "max_bucket_length": 1
  }
}