{
  "rtime": 0.2798280715942383,
  "utime": 0.11970000000000001,
  "stime": 0.023057,
  "cutime": 0.00309,
  "cstime": 0.001935,
  "minor_gb": 0.10410397499799728,
  "promoted_gb": 0.003037385642528534,
  "major_gb": 0.008180506527423859,
  "allocated_gb": 0.10924709588289261,
  "minor_collections": 17,
  "major_collections": 0,
  "compactions": 0,
  "top_heap_gb": 0.01262664794921875,
  "stack_kb": 0.3671875,
  "minor_heap_kb": 8192.0,
  "attributes_table": {
    "num_bindings": 7,
    "num_buckets": 16,
    "max_bucket_length": 1
  }
}