{
  "rtime": 0.04082798957824707,
  "utime": 0.016971999999999998,
  "stime": 0.006733000000000003,
  "cutime": 0.004869,
  "cstime": 0.004266,
  "minor_gb": 0.007170028984546661,
  "promoted_gb": 0.0015847980976104736,
  "major_gb": 0.0016198977828025818,
  "allocated_gb": 0.0072051286697387695,
  "minor_collections": 5,
  "major_collections": 0,
  "compactions": 0,
  "top_heap_gb": 0.003662109375,
  "stack_kb": 0.3671875,
  "minor_heap_kb": 8192.0,
  "attributes_table": {
    "num_bindings": 0,
    "num_buckets": 16,
    "max_bucket_length": 0
  }
}