{
  "rtime": 0.04105997085571289,
  "utime": 0.019053999999999998,
  "stime": 0.008326,
  "cutime": 0.004608,
  "cstime": 0.002979,
  "minor_gb": 0.007196307182312012,
  "promoted_gb": 0.0015847980976104736,
  "major_gb": 0.0016252994537353516,
  "allocated_gb": 0.00723680853843689,
  "minor_collections": 5,
  "major_collections": 0,
  "compactions": 0,
  "top_heap_gb": 0.003662109375,
  "stack_kb": 0.3671875,
  "minor_heap_kb": 8192.0,
  "attributes_table": {
    "num_bindings": 0,
    "num_buckets": 16,
    "max_bucket_length": 0
  }
}