{
  "rtime": 0.04480695724487305,
  "utime": 0.01656,
  "stime": 0.007818000000000002,
  "cutime": 0.003589,
  "cstime": 0.002336,
  "minor_gb": 0.007532298564910889,
  "promoted_gb": 0.0015847980976104736,
  "major_gb": 0.0016576796770095825,
  "allocated_gb": 0.0076051801443099976,
  "minor_collections": 5,
  "major_collections": 0,
  "compactions": 0,
  "top_heap_gb": 0.003662109375,
  "stack_kb": 0.3671875,
  "minor_heap_kb": 8192.0,
  "attributes_table": {
    "num_bindings": 0,
    "num_buckets": 16,
    "max_bucket_length": 0
  }
}