{
  "rtime": 0.08697295188903809,
  "utime": 0.059427999999999995,
  "stime": 0.013445000000000002,
  "cutime": 0.004275,
  "cstime": 0.0025,
  "minor_gb": 0.01013907790184021,
  "promoted_gb": 0.0015847980976104736,
  "major_gb": 0.006640739738941193,
  "allocated_gb": 0.015195019543170929,
  "minor_collections": 5,
  "major_collections": 0,
  "compactions": 0,
  "top_heap_gb": 0.01262664794921875,
  "stack_kb": 0.3671875,
  "minor_heap_kb": 8192.0,
  "attributes_table": {
    "num_bindings": 1,
    "num_buckets": 16,
    "max_bucket_length": 1
  }
}