{
  "rtime": 0.039086103439331055,
  "utime": 0.016536,
  "stime": 0.0065249999999999996,
  "cutime": 0.005088,
  "cstime": 0.004095,
  "minor_gb": 0.007196314632892609,
  "promoted_gb": 0.0015847980976104736,
  "major_gb": 0.00162525475025177,
  "allocated_gb": 0.007236771285533905,
  "minor_collections": 5,
  "major_collections": 0,
  "compactions": 0,
  "top_heap_gb": 0.003662109375,
  "stack_kb": 0.3671875,
  "minor_heap_kb": 8192.0,
  "attributes_table": {
    "num_bindings": 0,
    "num_buckets": 16,
    "max_bucket_length": 0
  }
}