{
  "rtime": 0.0937039852142334,
  "utime": 0.057441000000000006,
  "stime": 0.017307000000000003,
  "cutime": 0.003273,
  "cstime": 0.002046,
  "minor_gb": 0.017696283757686615,
  "promoted_gb": 0.0026711374521255493,
  "major_gb": 0.008067473769187927,
  "allocated_gb": 0.023092620074748993,
  "minor_collections": 6,
  "major_collections": 0,
  "compactions": 0,
  "top_heap_gb": 0.01262664794921875,
  "stack_kb": 0.3671875,
  "minor_heap_kb": 8192.0,
  "attributes_table": {
    "num_bindings": 3,
    "num_buckets": 16,
    "max_bucket_length": 1
  }
}