{
  "rtime": 0.034883975982666016,
  "utime": 0.015276999999999999,
  "stime": 0.006056000000000001,
  "cutime": 0.003796,
  "cstime": 0.002402,
  "minor_gb": 0.007192634046077728,
  "promoted_gb": 0.0015847980976104736,
  "major_gb": 0.0016174912452697754,
  "allocated_gb": 0.00722532719373703,
  "minor_collections": 5,
  "major_collections": 0,
  "compactions": 0,
  "top_heap_gb": 0.003662109375,
  "stack_kb": 0.3671875,
  "minor_heap_kb": 8192.0,
  "attributes_table": {
    "num_bindings": 0,
    "num_buckets": 16,
    "max_bucket_length": 0
  }
}