{
  "rtime": 0.037596940994262695,
  "utime": 0.018508999999999998,
  "stime": 0.0062390000000000015,
  "cutime": 0.004256,
  "cstime": 0.002752,
  "minor_gb": 0.007213689386844635,
  "promoted_gb": 0.0015847980976104736,
  "major_gb": 0.001630432903766632,
  "allocated_gb": 0.0072593241930007935,
  "minor_collections": 5,
  "major_collections": 0,
  "compactions": 0,
  "top_heap_gb": 0.003662109375,
  "stack_kb": 0.3671875,
  "minor_heap_kb": 8192.0,
  "attributes_table": {
    "num_bindings": 0,
    "num_buckets": 16,
    "max_bucket_length": 0
  }
}