{
  "rtime": 0.09333086013793945,
  "utime": 0.049206999999999994,
  "stime": 0.021004,
  "cutime": 0.003555,
  "cstime": 0.003743,
  "minor_gb": 0.010141938924789429,
  "promoted_gb": 0.0015847980976104736,
  "major_gb": 0.006640762090682983,
  "allocated_gb": 0.015197902917861938,
  "minor_collections": 5,
  "major_collections": 0,
  "compactions": 0,
  "top_heap_gb": 0.01262664794921875,
  "stack_kb": 0.3671875,
  "minor_heap_kb": 8192.0,
  "attributes_table": {
    "num_bindings": 1,
    "num_buckets": 16,
    "max_bucket_length": 1
  }
}