{
  "rtime": 0.10600113868713379,
  "utime": 0.07144800000000001,
  "stime": 0.01603,
  "cutime": 0.003408,
  "cstime": 0.002197,
  "minor_gb": 0.0406285896897316,
  "promoted_gb": 0.002768866717815399,
  "major_gb": 0.007850460708141327,
  "allocated_gb": 0.045710183680057526,
  "minor_collections": 9,
  "major_collections": 0,
  "compactions": 0,
  "top_heap_gb": 0.01262664794921875,
  "stack_kb": 0.3671875,
  "minor_heap_kb": 8192.0,
  "attributes_table": {
    "num_bindings": 2,
    "num_buckets": 16,
    "max_bucket_length": 1
  }
}