{
  "rtime": 0.04003190994262695,
  "utime": 0.017254000000000002,
  "stime": 0.006982000000000002,
  "cutime": 0.004375,
  "cstime": 0.003297,
  "minor_gb": 0.007169760763645172,
  "promoted_gb": 0.0015847980976104736,
  "major_gb": 0.0016198456287384033,
  "allocated_gb": 0.007204808294773102,
  "minor_collections": 5,
  "major_collections": 0,
  "compactions": 0,
  "top_heap_gb": 0.003662109375,
  "stack_kb": 0.3671875,
  "minor_heap_kb": 8192.0,
  "attributes_table": {
    "num_bindings": 0,
    "num_buckets": 16,
    "max_bucket_length": 0
  }
}