{
  "rtime": 0.028126001358032227,
  "utime": 0.012413,
  "stime": 0.00413,
  "cutime": 0.003463,
  "cstime": 0.002244,
  "minor_gb": 0.007169611752033234,
  "promoted_gb": 0.0015847980976104736,
  "major_gb": 0.0016218051314353943,
  "allocated_gb": 0.007206618785858154,
  "minor_collections": 5,
  "major_collections": 0,
  "compactions": 0,
  "top_heap_gb": 0.003662109375,
  "stack_kb": 0.3671875,
  "minor_heap_kb": 8192.0,
  "attributes_table": {
    "num_bindings": 1,
    "num_buckets": 16,
    "max_bucket_length": 1
  }
}