{
  "rtime": 0.04218101501464844,
  "utime": 0.018312999999999996,
  "stime": 0.006527,
  "cutime": 0.00516,
  "cstime": 0.004147,
  "minor_gb": 0.007469490170478821,
  "promoted_gb": 0.0015847980976104736,
  "major_gb": 0.001688353717327118,
  "allocated_gb": 0.007573045790195465,
  "minor_collections": 5,
  "major_collections": 0,
  "compactions": 0,
  "top_heap_gb": 0.003662109375,
  "stack_kb": 0.3671875,
  "minor_heap_kb": 8192.0,
  "attributes_table": {
    "num_bindings": 0,
    "num_buckets": 16,
    "max_bucket_length": 0
  }
}