{
  "rtime": 0.14291691780090332,
  "utime": 0.096,
  "stime": 0.027738000000000002,
  "cutime": 0.004875,
  "cstime": 0.004396,
  "minor_gb": 0.04015589505434036,
  "promoted_gb": 0.002784043550491333,
  "major_gb": 0.008006125688552856,
  "allocated_gb": 0.045377977192401886,
  "minor_collections": 9,
  "major_collections": 0,
  "compactions": 0,
  "top_heap_gb": 0.01262664794921875,
  "stack_kb": 0.3671875,
  "minor_heap_kb": 8192.0,
  "attributes_table": {
    "num_bindings": 6,
    "num_buckets": 16,
    "max_bucket_length": 2
  }
}