{
  "rtime": 0.037178993225097656,
  "utime": 0.016364,
  "stime": 0.005524000000000001,
  "cutime": 0.00465,
  "cstime": 0.003316,
  "minor_gb": 0.0072145015001297,
  "promoted_gb": 0.0015847980976104736,
  "major_gb": 0.001630738377571106,
  "allocated_gb": 0.007260441780090332,
  "minor_collections": 5,
  "major_collections": 0,
  "compactions": 0,
  "top_heap_gb": 0.003662109375,
  "stack_kb": 0.3671875,
  "minor_heap_kb": 8192.0,
  "attributes_table": {
    "num_bindings": 0,
    "num_buckets": 16,
    "max_bucket_length": 0
  }
}