{
  "rtime": 0.13343119621276855,
  "utime": 0.084896,
  "stime": 0.033598,
  "cutime": 0.004232,
  "cstime": 0.003461,
  "minor_gb": 0.022585660219192505,
  "promoted_gb": 0.00270911306142807,
  "major_gb": 0.007786296308040619,
  "allocated_gb": 0.027662843465805054,
  "minor_collections": 7,
  "major_collections": 0,
  "compactions": 0,
  "top_heap_gb": 0.01262664794921875,
  "stack_kb": 0.3671875,
  "minor_heap_kb": 8192.0,
  "attributes_table": {
    "num_bindings": 6,
    "num_buckets": 16,
    "max_bucket_length": 1
  }
}