{
  "rtime": 0.03782796859741211,
  "utime": 0.018551,
  "stime": 0.007966999999999998,
  "cutime": 0.004389,
  "cstime": 0.003062,
  "minor_gb": 0.007214143872261047,
  "promoted_gb": 0.0015847980976104736,
  "major_gb": 0.001630432903766632,
  "allocated_gb": 0.007259778678417206,
  "minor_collections": 5,
  "major_collections": 0,
  "compactions": 0,
  "top_heap_gb": 0.003662109375,
  "stack_kb": 0.3671875,
  "minor_heap_kb": 8192.0,
  "attributes_table": {
    "num_bindings": 0,
    "num_buckets": 16,
    "max_bucket_length": 0
  }
}