{
  "rtime": 0.10956192016601562,
  "utime": 0.07156899999999999,
  "stime": 0.021927000000000002,
  "cutime": 0.004353,
  "cstime": 0.00286,
  "minor_gb": 0.016507163643836975,
  "promoted_gb": 0.002671360969543457,
  "major_gb": 0.008073791861534119,
  "allocated_gb": 0.021909594535827637,
  "minor_collections": 6,
  "major_collections": 0,
  "compactions": 0,
  "top_heap_gb": 0.01262664794921875,
  "stack_kb": 0.3671875,
  "minor_heap_kb": 8192.0,
  "attributes_table": {
    "num_bindings": 3,
    "num_buckets": 16,
    "max_bucket_length": 1
  }
}