{
  "rtime": 0.8597469329833984,
  "utime": 0.6274879999999999,
  "stime": 0.08093499999999999,
  "cutime": 0.004799,
  "cstime": 0.0037,
  "minor_gb": 0.5507784560322762,
  "promoted_gb": 0.00483538955450058,
  "major_gb": 0.010624565184116364,
  "allocated_gb": 0.5565676316618919,
  "minor_collections": 75,
  "major_collections": 1,
  "compactions": 0,
  "top_heap_gb": 0.01262664794921875,
  "stack_kb": 0.3671875,
  "minor_heap_kb": 8192.0,
  "attributes_table": {
    "num_bindings": 28,
    "num_buckets": 16,
    "max_bucket_length": 5
  }
}