{
  "rtime": 0.11983108520507812,
  "utime": 0.07722,
  "stime": 0.024145,
  "cutime": 0.005668,
  "cstime": 0.004248,
  "minor_gb": 0.019326455891132355,
  "promoted_gb": 0.0026718005537986755,
  "major_gb": 0.007733985781669617,
  "allocated_gb": 0.024388641119003296,
  "minor_collections": 6,
  "major_collections": 0,
  "compactions": 0,
  "top_heap_gb": 0.01262664794921875,
  "stack_kb": 0.3671875,
  "minor_heap_kb": 8192.0,
  "attributes_table": {
    "num_bindings": 1,
    "num_buckets": 16,
    "max_bucket_length": 1
  }
}