{
  "rtime": 0.19203710556030273,
  "utime": 0.146673,
  "stime": 0.028977,
  "cutime": 0.00443,
  "cstime": 0.002688,
  "minor_gb": 0.08495094627141953,
  "promoted_gb": 0.002961874008178711,
  "major_gb": 0.008126005530357361,
  "allocated_gb": 0.09011507779359818,
  "minor_collections": 15,
  "major_collections": 0,
  "compactions": 0,
  "top_heap_gb": 0.01262664794921875,
  "stack_kb": 0.3671875,
  "minor_heap_kb": 8192.0,
  "attributes_table": {
    "num_bindings": 7,
    "num_buckets": 16,
    "max_bucket_length": 1
  }
}