{
  "rtime": 0.042762041091918945,
  "utime": 0.015883999999999995,
  "stime": 0.0053690000000000005,
  "cutime": 0.004119,
  "cstime": 0.002733,
  "minor_gb": 0.007194831967353821,
  "promoted_gb": 0.0015847980976104736,
  "major_gb": 0.0016252174973487854,
  "allocated_gb": 0.007235251367092133,
  "minor_collections": 5,
  "major_collections": 0,
  "compactions": 0,
  "top_heap_gb": 0.003662109375,
  "stack_kb": 0.3671875,
  "minor_heap_kb": 8192.0,
  "attributes_table": {
    "num_bindings": 0,
    "num_buckets": 16,
    "max_bucket_length": 0
  }
}