{
  "rtime": 0.0942530632019043,
  "utime": 0.062931,
  "stime": 0.018210999999999998,
  "cutime": 0.004409,
  "cstime": 0.002662,
  "minor_gb": 0.009901970624923706,
  "promoted_gb": 0.0015847980976104736,
  "major_gb": 0.006660573184490204,
  "allocated_gb": 0.014977745711803436,
  "minor_collections": 5,
  "major_collections": 0,
  "compactions": 0,
  "top_heap_gb": 0.01262664794921875,
  "stack_kb": 0.3671875,
  "minor_heap_kb": 8192.0,
  "attributes_table": {
    "num_bindings": 6,
    "num_buckets": 16,
    "max_bucket_length": 2
  }
}