{
  "rtime": 0.03542208671569824,
  "utime": 0.015285000000000003,
  "stime": 0.00468,
  "cutime": 0.004104,
  "cstime": 0.002505,
  "minor_gb": 0.007195860147476196,
  "promoted_gb": 0.0015847980976104736,
  "major_gb": 0.0016254708170890808,
  "allocated_gb": 0.0072365328669548035,
  "minor_collections": 5,
  "major_collections": 0,
  "compactions": 0,
  "top_heap_gb": 0.003662109375,
  "stack_kb": 0.3671875,
  "minor_heap_kb": 8192.0,
  "attributes_table": {
    "num_bindings": 0,
    "num_buckets": 16,
    "max_bucket_length": 0
  }
}