{
  "rtime": 0.034329891204833984,
  "utime": 0.015859999999999996,
  "stime": 0.005801000000000001,
  "cutime": 0.004149,
  "cstime": 0.002478,
  "minor_gb": 0.007196873426437378,
  "promoted_gb": 0.0015847980976104736,
  "major_gb": 0.0016253143548965454,
  "allocated_gb": 0.00723738968372345,
  "minor_collections": 5,
  "major_collections": 0,
  "compactions": 0,
  "top_heap_gb": 0.003662109375,
  "stack_kb": 0.3671875,
  "minor_heap_kb": 8192.0,
  "attributes_table": {
    "num_bindings": 0,
    "num_buckets": 16,
    "max_bucket_length": 0
  }
}