{
  "rtime": 0.03507709503173828,
  "utime": 0.016693000000000003,
  "stime": 0.005394000000000001,
  "cutime": 0.004359,
  "cstime": 0.002619,
  "minor_gb": 0.007264330983161926,
  "promoted_gb": 0.0015847980976104736,
  "major_gb": 0.0016203224658966064,
  "allocated_gb": 0.007299855351448059,
  "minor_collections": 5,
  "major_collections": 0,
  "compactions": 0,
  "top_heap_gb": 0.003662109375,
  "stack_kb": 0.3671875,
  "minor_heap_kb": 8192.0,
  "attributes_table": {
    "num_bindings": 0,
    "num_buckets": 16,
    "max_bucket_length": 0
  }
}