{
  "rtime": 0.03400993347167969,
  "utime": 0.015512000000000005,
  "stime": 0.005042,
  "cutime": 0.003918,
  "cstime": 0.002756,
  "minor_gb": 0.007257521152496338,
  "promoted_gb": 0.0015847980976104736,
  "major_gb": 0.0016200840473175049,
  "allocated_gb": 0.007292807102203369,
  "minor_collections": 5,
  "major_collections": 0,
  "compactions": 0,
  "top_heap_gb": 0.003662109375,
  "stack_kb": 0.3671875,
  "minor_heap_kb": 8192.0,
  "attributes_table": {
    "num_bindings": 0,
    "num_buckets": 16,
    "max_bucket_length": 0
  }
}