{
  "rtime": 0.03466606140136719,
  "utime": 0.017404,
  "stime": 0.004851999999999999,
  "cutime": 0.004167,
  "cstime": 0.002449,
  "minor_gb": 0.007209032773971558,
  "promoted_gb": 0.0015847980976104736,
  "major_gb": 0.0016213804483413696,
  "allocated_gb": 0.007245615124702454,
  "minor_collections": 5,
  "major_collections": 0,
  "compactions": 0,
  "top_heap_gb": 0.003662109375,
  "stack_kb": 0.3671875,
  "minor_heap_kb": 8192.0,
  "attributes_table": {
    "num_bindings": 0,
    "num_buckets": 16,
    "max_bucket_length": 0
  }
}