{
  "rtime": 0.09802794456481934,
  "utime": 0.063731,
  "stime": 0.021317000000000003,
  "cutime": 0.004165,
  "cstime": 0.002565,
  "minor_gb": 0.010140933096408844,
  "promoted_gb": 0.0015847980976104736,
  "major_gb": 0.00664076954126358,
  "allocated_gb": 0.01519690454006195,
  "minor_collections": 5,
  "major_collections": 0,
  "compactions": 0,
  "top_heap_gb": 0.01262664794921875,
  "stack_kb": 0.3671875,
  "minor_heap_kb": 8192.0,
  "attributes_table": {
    "num_bindings": 1,
    "num_buckets": 16,
    "max_bucket_length": 1
  }
}