{
  "rtime": 0.08545994758605957,
  "utime": 0.056632,
  "stime": 0.014851,
  "cutime": 0.004039,
  "cstime": 0.002453,
  "minor_gb": 0.010142296552658081,
  "promoted_gb": 0.0015847980976104736,
  "major_gb": 0.006640784442424774,
  "allocated_gb": 0.015198282897472382,
  "minor_collections": 5,
  "major_collections": 0,
  "compactions": 0,
  "top_heap_gb": 0.01262664794921875,
  "stack_kb": 0.3671875,
  "minor_heap_kb": 8192.0,
  "attributes_table": {
    "num_bindings": 1,
    "num_buckets": 16,
    "max_bucket_length": 1
  }
}