{
  "rtime": 0.17829513549804688,
  "utime": 0.134965,
  "stime": 0.028048,
  "cutime": 0.004077,
  "cstime": 0.002572,
  "minor_gb": 0.08341724425554276,
  "promoted_gb": 0.002907469868659973,
  "major_gb": 0.008193448185920715,
  "allocated_gb": 0.0887032225728035,
  "minor_collections": 14,
  "major_collections": 0,
  "compactions": 0,
  "top_heap_gb": 0.01262664794921875,
  "stack_kb": 0.3671875,
  "minor_heap_kb": 8192.0,
  "attributes_table": {
    "num_bindings": 7,
    "num_buckets": 16,
    "max_bucket_length": 1
  }
}