{
  "rtime": 0.03379392623901367,
  "utime": 0.016212999999999998,
  "stime": 0.004517,
  "cutime": 0.004165,
  "cstime": 0.002424,
  "minor_gb": 0.007149778306484222,
  "promoted_gb": 0.0015847980976104736,
  "major_gb": 0.0016153380274772644,
  "allocated_gb": 0.007180318236351013,
  "minor_collections": 5,
  "major_collections": 0,
  "compactions": 0,
  "top_heap_gb": 0.003662109375,
  "stack_kb": 0.3671875,
  "minor_heap_kb": 8192.0,
  "attributes_table": {
    "num_bindings": 0,
    "num_buckets": 16,
    "max_bucket_length": 0
  }
}