{
  "rtime": 0.03543901443481445,
  "utime": 0.015657000000000004,
  "stime": 0.004802000000000001,
  "cutime": 0.005221,
  "cstime": 0.003527,
  "minor_gb": 0.007169380784034729,
  "promoted_gb": 0.0015847980976104736,
  "major_gb": 0.0016198009252548218,
  "allocated_gb": 0.007204383611679077,
  "minor_collections": 5,
  "major_collections": 0,
  "compactions": 0,
  "top_heap_gb": 0.003662109375,
  "stack_kb": 0.3671875,
  "minor_heap_kb": 8192.0,
  "attributes_table": {
    "num_bindings": 0,
    "num_buckets": 16,
    "max_bucket_length": 0
  }
}