{
  "rtime": 0.07885384559631348,
  "utime": 0.049492999999999995,
  "stime": 0.01499,
  "cutime": 0.003463,
  "cstime": 0.002218,
  "minor_gb": 0.010143406689167023,
  "promoted_gb": 0.0015847980976104736,
  "major_gb": 0.006640762090682983,
  "allocated_gb": 0.015199370682239532,
  "minor_collections": 5,
  "major_collections": 0,
  "compactions": 0,
  "top_heap_gb": 0.01262664794921875,
  "stack_kb": 0.3671875,
  "minor_heap_kb": 8192.0,
  "attributes_table": {
    "num_bindings": 1,
    "num_buckets": 16,
    "max_bucket_length": 1
  }
}