{
  "rtime": 0.36146092414855957,
  "utime": 0.182911,
  "stime": 0.06616999999999999,
  "cutime": 0.007754,
  "cstime": 0.007345,
  "minor_gb": 0.09032605588436127,
  "promoted_gb": 0.0029479414224624634,
  "major_gb": 0.008213743567466736,
  "allocated_gb": 0.09559185802936554,
  "minor_collections": 15,
  "major_collections": 0,
  "compactions": 0,
  "top_heap_gb": 0.01262664794921875,
  "stack_kb": 0.3671875,
  "minor_heap_kb": 8192.0,
  "attributes_table": {
    "num_bindings": 44,
    "num_buckets": 32,
    "max_bucket_length": 5
  }
}