{
  "rtime": 0.03979897499084473,
  "utime": 0.018978000000000002,
  "stime": 0.007495999999999999,
  "cutime": 0.004243,
  "cstime": 0.002787,
  "minor_gb": 0.007231578230857849,
  "promoted_gb": 0.0015847980976104736,
  "major_gb": 0.0016265586018562317,
  "allocated_gb": 0.007273338735103607,
  "minor_collections": 5,
  "major_collections": 0,
  "compactions": 0,
  "top_heap_gb": 0.003662109375,
  "stack_kb": 0.3671875,
  "minor_heap_kb": 8192.0,
  "attributes_table": {
    "num_bindings": 0,
    "num_buckets": 16,
    "max_bucket_length": 0
  }
}