{
  "rtime": 0.253385066986084,
  "utime": 0.203426,
  "stime": 0.033513,
  "cutime": 0.004015,
  "cstime": 0.002398,
  "minor_gb": 0.1620553731918335,
  "promoted_gb": 0.003150351345539093,
  "major_gb": 0.008343495428562164,
  "allocated_gb": 0.16724851727485657,
  "minor_collections": 24,
  "major_collections": 0,
  "compactions": 0,
  "top_heap_gb": 0.01262664794921875,
  "stack_kb": 0.3671875,
  "minor_heap_kb": 8192.0,
  "attributes_table": {
    "num_bindings": 7,
    "num_buckets": 16,
    "max_bucket_length": 3
  }
}