{
  "rtime": 0.16778779029846191,
  "utime": 0.11668800000000001,
  "stime": 0.029706,
  "cutime": 0.006049,
  "cstime": 0.005567,
  "minor_gb": 0.05302968621253967,
  "promoted_gb": 0.00280587375164032,
  "major_gb": 0.008026733994483948,
  "allocated_gb": 0.0582505464553833,
  "minor_collections": 10,
  "major_collections": 0,
  "compactions": 0,
  "top_heap_gb": 0.01262664794921875,
  "stack_kb": 0.3671875,
  "minor_heap_kb": 8192.0,
  "attributes_table": {
    "num_bindings": 7,
    "num_buckets": 16,
    "max_bucket_length": 1
  }
}