{
  "rtime": 0.038314104080200195,
  "utime": 0.018105,
  "stime": 0.006114000000000001,
  "cutime": 0.004753,
  "cstime": 0.002965,
  "minor_gb": 0.007196143269538879,
  "promoted_gb": 0.0015847980976104736,
  "major_gb": 0.0016231909394264221,
  "allocated_gb": 0.007234536111354828,
  "minor_collections": 5,
  "major_collections": 0,
  "compactions": 0,
  "top_heap_gb": 0.003662109375,
  "stack_kb": 0.3671875,
  "minor_heap_kb": 8192.0,
  "attributes_table": {
    "num_bindings": 0,
    "num_buckets": 16,
    "max_bucket_length": 0
  }
}