{
  "rtime": 0.12614798545837402,
  "utime": 0.06532500000000001,
  "stime": 0.031812,
  "cutime": 0.003344,
  "cstime": 0.002895,
  "minor_gb": 0.019057497382164,
  "promoted_gb": 0.002686411142349243,
  "major_gb": 0.007771819829940796,
  "allocated_gb": 0.024142906069755554,
  "minor_collections": 6,
  "major_collections": 0,
  "compactions": 0,
  "top_heap_gb": 0.01262664794921875,
  "stack_kb": 0.3671875,
  "minor_heap_kb": 8192.0,
  "attributes_table": {
    "num_bindings": 17,
    "num_buckets": 16,
    "max_bucket_length": 2
  }
}