{
  "rtime": 0.18917584419250488,
  "utime": 0.101446,
  "stime": 0.027525,
  "cutime": 0.002848,
  "cstime": 0.001962,
  "minor_gb": 0.07457797974348068,
  "promoted_gb": 0.002915807068347931,
  "major_gb": 0.008138090372085571,
  "allocated_gb": 0.07980026304721832,
  "minor_collections": 13,
  "major_collections": 0,
  "compactions": 0,
  "top_heap_gb": 0.01262664794921875,
  "stack_kb": 0.3671875,
  "minor_heap_kb": 8192.0,
  "attributes_table": {
    "num_bindings": 8,
    "num_buckets": 16,
    "max_bucket_length": 4
  }
}