{
  "rtime": 0.03893685340881348,
  "utime": 0.015745000000000002,
  "stime": 0.005623999999999997,
  "cutime": 0.00485,
  "cstime": 0.003272,
  "minor_gb": 0.00725526362657547,
  "promoted_gb": 0.0015847980976104736,
  "major_gb": 0.0016199275851249695,
  "allocated_gb": 0.007290393114089966,
  "minor_collections": 5,
  "major_collections": 0,
  "compactions": 0,
  "top_heap_gb": 0.003662109375,
  "stack_kb": 0.3671875,
  "minor_heap_kb": 8192.0,
  "attributes_table": {
    "num_bindings": 0,
    "num_buckets": 16,
    "max_bucket_length": 0
  }
}