{
  "rtime": 2.664303779602051,
  "utime": 2.514247,
  "stime": 0.049791,
  "cutime": 0.004191,
  "cstime": 0.002687,
  "minor_gb": 5.637191541492939,
  "promoted_gb": 0.02421519160270691,
  "major_gb": 0.029629141092300415,
  "allocated_gb": 5.6426054909825325,
  "minor_collections": 728,
  "major_collections": 5,
  "compactions": 0,
  "top_heap_gb": 0.0192108154296875,
  "stack_kb": 0.3671875,
  "minor_heap_kb": 8192.0,
  "attributes_table": {
    "num_bindings": 4,
    "num_buckets": 16,
    "max_bucket_length": 2
  }
}