{
  "rtime": 0.03487396240234375,
  "utime": 0.016708,
  "stime": 0.005217999999999999,
  "cutime": 0.004223,
  "cstime": 0.002591,
  "minor_gb": 0.007285326719284058,
  "promoted_gb": 0.0015847980976104736,
  "major_gb": 0.001621149480342865,
  "allocated_gb": 0.007321678102016449,
  "minor_collections": 5,
  "major_collections": 0,
  "compactions": 0,
  "top_heap_gb": 0.003662109375,
  "stack_kb": 0.3671875,
  "minor_heap_kb": 8192.0,
  "attributes_table": {
    "num_bindings": 0,
    "num_buckets": 16,
    "max_bucket_length": 0
  }
}