{
  "rtime": 0.03820395469665527,
  "utime": 0.015469,
  "stime": 0.0050019999999999995,
  "cutime": 0.004604,
  "cstime": 0.003444,
  "minor_gb": 0.0071950554847717285,
  "promoted_gb": 0.0015847980976104736,
  "major_gb": 0.0016252174973487854,
  "allocated_gb": 0.00723547488451004,
  "minor_collections": 5,
  "major_collections": 0,
  "compactions": 0,
  "top_heap_gb": 0.003662109375,
  "stack_kb": 0.3671875,
  "minor_heap_kb": 8192.0,
  "attributes_table": {
    "num_bindings": 0,
    "num_buckets": 16,
    "max_bucket_length": 0
  }
}