{
  "rtime": 1.829401969909668,
  "utime": 0.884561,
  "stime": 0.07420099999999999,
  "cutime": 0.003139,
  "cstime": 0.001972,
  "minor_gb": 1.2530664876103401,
  "promoted_gb": 0.007202431559562683,
  "major_gb": 0.012635141611099243,
  "allocated_gb": 1.2584991976618767,
  "minor_collections": 165,
  "major_collections": 2,
  "compactions": 0,
  "top_heap_gb": 0.01262664794921875,
  "stack_kb": 0.3671875,
  "minor_heap_kb": 8192.0,
  "attributes_table": {
    "num_bindings": 28,
    "num_buckets": 16,
    "max_bucket_length": 5
  }
}