{
  "rtime": 0.03774309158325195,
  "utime": 0.017165999999999997,
  "stime": 0.006144999999999999,
  "cutime": 0.004257,
  "cstime": 0.002649,
  "minor_gb": 0.007201164960861206,
  "promoted_gb": 0.0015847980976104736,
  "major_gb": 0.0016188770532608032,
  "allocated_gb": 0.007235243916511536,
  "minor_collections": 5,
  "major_collections": 0,
  "compactions": 0,
  "top_heap_gb": 0.003662109375,
  "stack_kb": 0.3671875,
  "minor_heap_kb": 8192.0,
  "attributes_table": {
    "num_bindings": 0,
    "num_buckets": 16,
    "max_bucket_length": 0
  }
}