{
  "rtime": 0.04222416877746582,
  "utime": 0.019042999999999997,
  "stime": 0.009212000000000001,
  "cutime": 0.004235,
  "cstime": 0.002606,
  "minor_gb": 0.007471337914466858,
  "promoted_gb": 0.0015847980976104736,
  "major_gb": 0.0016885027289390564,
  "allocated_gb": 0.007575042545795441,
  "minor_collections": 5,
  "major_collections": 0,
  "compactions": 0,
  "top_heap_gb": 0.003662109375,
  "stack_kb": 0.3671875,
  "minor_heap_kb": 8192.0,
  "attributes_table": {
    "num_bindings": 0,
    "num_buckets": 16,
    "max_bucket_length": 0
  }
}