{
  "rtime": 0.18317914009094238,
  "utime": 0.137988,
  "stime": 0.031059999999999997,
  "cutime": 0.00426,
  "cstime": 0.002592,
  "minor_gb": 0.08484528958797455,
  "promoted_gb": 0.0029535144567489624,
  "major_gb": 0.008117407560348511,
  "allocated_gb": 0.0900091826915741,
  "minor_collections": 15,
  "major_collections": 0,
  "compactions": 0,
  "top_heap_gb": 0.01262664794921875,
  "stack_kb": 0.3671875,
  "minor_heap_kb": 8192.0,
  "attributes_table": {
    "num_bindings": 7,
    "num_buckets": 16,
    "max_bucket_length": 4
  }
}