{
  "rtime": 0.04207611083984375,
  "utime": 0.016416999999999998,
  "stime": 0.006372000000000001,
  "cutime": 0.005834,
  "cstime": 0.004772,
  "minor_gb": 0.007170356810092926,
  "promoted_gb": 0.0015847980976104736,
  "major_gb": 0.0016153380274772644,
  "allocated_gb": 0.007200896739959717,
  "minor_collections": 5,
  "major_collections": 0,
  "compactions": 0,
  "top_heap_gb": 0.003662109375,
  "stack_kb": 0.3671875,
  "minor_heap_kb": 8192.0,
  "attributes_table": {
    "num_bindings": 0,
    "num_buckets": 16,
    "max_bucket_length": 0
  }
}