{
  "rtime": 0.05389404296875,
  "utime": 0.018762,
  "stime": 0.009128000000000004,
  "cutime": 0.008042000000000001,
  "cstime": 0.00893,
  "minor_gb": 0.007169410586357117,
  "promoted_gb": 0.0015847980976104736,
  "major_gb": 0.0016198158264160156,
  "allocated_gb": 0.007204428315162659,
  "minor_collections": 5,
  "major_collections": 0,
  "compactions": 0,
  "top_heap_gb": 0.003662109375,
  "stack_kb": 0.3671875,
  "minor_heap_kb": 8192.0,
  "attributes_table": {
    "num_bindings": 0,
    "num_buckets": 16,
    "max_bucket_length": 0
  }
}