{
  "rtime": 1.2849159240722656,
  "utime": 0.7720779999999999,
  "stime": 0.05677399999999999,
  "cutime": 0.004159,
  "cstime": 0.002747,
  "minor_gb": 0.6964187473058701,
  "promoted_gb": 0.005534864962100983,
  "major_gb": 0.01114710420370102,
  "allocated_gb": 0.7020309865474701,
  "minor_collections": 93,
  "major_collections": 1,
  "compactions": 0,
  "top_heap_gb": 0.01262664794921875,
  "stack_kb": 0.3671875,
  "minor_heap_kb": 8192.0,
  "attributes_table": {
    "num_bindings": 14,
    "num_buckets": 16,
    "max_bucket_length": 2
  }
}