{
  "rtime": 0.03559613227844238,
  "utime": 0.015812000000000003,
  "stime": 0.006163,
  "cutime": 0.00429,
  "cstime": 0.00278,
  "minor_gb": 0.007205411791801453,
  "promoted_gb": 0.0015847980976104736,
  "major_gb": 0.0016562193632125854,
  "allocated_gb": 0.0072768330574035645,
  "minor_collections": 5,
  "major_collections": 0,
  "compactions": 0,
  "top_heap_gb": 0.003662109375,
  "stack_kb": 0.3671875,
  "minor_heap_kb": 8192.0,
  "attributes_table": {
    "num_bindings": 3,
    "num_buckets": 16,
    "max_bucket_length": 1
  }
}