{
  "rtime": 0.04107785224914551,
  "utime": 0.015971999999999997,
  "stime": 0.006109999999999997,
  "cutime": 0.005586,
  "cstime": 0.005293,
  "minor_gb": 0.007202275097370148,
  "promoted_gb": 0.0015847980976104736,
  "major_gb": 0.0016177743673324585,
  "allocated_gb": 0.007235251367092133,
  "minor_collections": 5,
  "major_collections": 0,
  "compactions": 0,
  "top_heap_gb": 0.003662109375,
  "stack_kb": 0.3671875,
  "minor_heap_kb": 8192.0,
  "attributes_table": {
    "num_bindings": 0,
    "num_buckets": 16,
    "max_bucket_length": 0
  }
}