{
  "rtime": 0.04439520835876465,
  "utime": 0.016884999999999997,
  "stime": 0.007855000000000001,
  "cutime": 0.005546,
  "cstime": 0.004737,
  "minor_gb": 0.0071776509284973145,
  "promoted_gb": 0.0015847980976104736,
  "major_gb": 0.0016220882534980774,
  "allocated_gb": 0.007214941084384918,
  "minor_collections": 5,
  "major_collections": 0,
  "compactions": 0,
  "top_heap_gb": 0.003662109375,
  "stack_kb": 0.3671875,
  "minor_heap_kb": 8192.0,
  "attributes_table": {
    "num_bindings": 0,
    "num_buckets": 16,
    "max_bucket_length": 0
  }
}