{
  "rtime": 0.1138448715209961,
  "utime": 0.07352300000000001,
  "stime": 0.024308999999999997,
  "cutime": 0.004028,
  "cstime": 0.003733,
  "minor_gb": 0.040279366075992584,
  "promoted_gb": 0.0027838051319122314,
  "major_gb": 0.00802333652973175,
  "allocated_gb": 0.0455188974738121,
  "minor_collections": 9,
  "major_collections": 0,
  "compactions": 0,
  "top_heap_gb": 0.01262664794921875,
  "stack_kb": 0.3671875,
  "minor_heap_kb": 8192.0,
  "attributes_table": {
    "num_bindings": 6,
    "num_buckets": 16,
    "max_bucket_length": 2
  }
}