{
  "rtime": 0.15469694137573242,
  "utime": 0.05306999999999999,
  "stime": 0.017321,
  "cutime": 0.003703,
  "cstime": 0.003481,
  "minor_gb": 0.015173017978668213,
  "promoted_gb": 0.002666376531124115,
  "major_gb": 0.007769405841827393,
  "allocated_gb": 0.02027604728937149,
  "minor_collections": 6,
  "major_collections": 0,
  "compactions": 0,
  "top_heap_gb": 0.01262664794921875,
  "stack_kb": 0.3671875,
  "minor_heap_kb": 8192.0,
  "attributes_table": {
    "num_bindings": 4,
    "num_buckets": 16,
    "max_bucket_length": 2
  }
}