{
  "rtime": 0.10802102088928223,
  "utime": 0.06462699999999999,
  "stime": 0.021341,
  "cutime": 0.005057,
  "cstime": 0.003718,
  "minor_gb": 0.012485712766647339,
  "promoted_gb": 0.0015847980976104736,
  "major_gb": 0.006657987833023071,
  "allocated_gb": 0.017558902502059937,
  "minor_collections": 5,
  "major_collections": 0,
  "compactions": 0,
  "top_heap_gb": 0.01262664794921875,
  "stack_kb": 0.3671875,
  "minor_heap_kb": 8192.0,
  "attributes_table": {
    "num_bindings": 2,
    "num_buckets": 16,
    "max_bucket_length": 2
  }
}