{
  "rtime": 12.129979848861694,
  "utime": 6.833330999999999,
  "stime": 0.17217000000000002,
  "cutime": 0.003325,
  "cstime": 0.002216,
  "minor_gb": 7.443770565092564,
  "promoted_gb": 0.033890530467033386,
  "major_gb": 0.03926728665828705,
  "allocated_gb": 7.449147321283817,
  "minor_collections": 960,
  "major_collections": 7,
  "compactions": 0,
  "top_heap_gb": 0.0192108154296875,
  "stack_kb": 0.3671875,
  "minor_heap_kb": 8192.0,
  "attributes_table": {
    "num_bindings": 11,
    "num_buckets": 16,
    "max_bucket_length": 2
  }
}