{
  "rtime": 0.042356014251708984,
  "utime": 0.019824,
  "stime": 0.008765000000000002,
  "cutime": 0.003891,
  "cstime": 0.002275,
  "minor_gb": 0.007194608449935913,
  "promoted_gb": 0.0015847980976104736,
  "major_gb": 0.001617535948753357,
  "allocated_gb": 0.007227346301078796,
  "minor_collections": 5,
  "major_collections": 0,
  "compactions": 0,
  "top_heap_gb": 0.003662109375,
  "stack_kb": 0.3671875,
  "minor_heap_kb": 8192.0,
  "attributes_table": {
    "num_bindings": 0,
    "num_buckets": 16,
    "max_bucket_length": 0
  }
}