{
  "rtime": 0.03143191337585449,
  "utime": 0.011899,
  "stime": 0.004753,
  "cutime": 0.004181,
  "cstime": 0.002704,
  "minor_gb": 0.007170170545578003,
  "promoted_gb": 0.0015847980976104736,
  "major_gb": 0.0016153380274772644,
  "allocated_gb": 0.007200710475444794,
  "minor_collections": 5,
  "major_collections": 0,
  "compactions": 0,
  "top_heap_gb": 0.003662109375,
  "stack_kb": 0.3671875,
  "minor_heap_kb": 8192.0,
  "attributes_table": {
    "num_bindings": 0,
    "num_buckets": 16,
    "max_bucket_length": 0
  }
}