{
  "rtime": 0.16285109519958496,
  "utime": 0.113372,
  "stime": 0.034824999999999995,
  "cutime": 0.004397,
  "cstime": 0.002734,
  "minor_gb": 0.0402645543217659,
  "promoted_gb": 0.0027871280908584595,
  "major_gb": 0.008021637797355652,
  "allocated_gb": 0.04549906402826309,
  "minor_collections": 9,
  "major_collections": 0,
  "compactions": 0,
  "top_heap_gb": 0.01262664794921875,
  "stack_kb": 0.3671875,
  "minor_heap_kb": 8192.0,
  "attributes_table": {
    "num_bindings": 6,
    "num_buckets": 16,
    "max_bucket_length": 1
  }
}