{
  "rtime": 0.053797006607055664,
  "utime": 0.021370000000000004,
  "stime": 0.011949000000000001,
  "cutime": 0.004801,
  "cstime": 0.004187,
  "minor_gb": 0.007170356810092926,
  "promoted_gb": 0.0015847980976104736,
  "major_gb": 0.0016153380274772644,
  "allocated_gb": 0.007200896739959717,
  "minor_collections": 5,
  "major_collections": 0,
  "compactions": 0,
  "top_heap_gb": 0.003662109375,
  "stack_kb": 0.3671875,
  "minor_heap_kb": 8192.0,
  "attributes_table": {
    "num_bindings": 0,
    "num_buckets": 16,
    "max_bucket_length": 0
  }
}