{
  "rtime": 2.1329240798950195,
  "utime": 1.233062,
  "stime": 0.10468999999999999,
  "cutime": 0.004196,
  "cstime": 0.002714,
  "minor_gb": 1.257117748260498,
  "promoted_gb": 0.00712566077709198,
  "major_gb": 0.012547753751277924,
  "allocated_gb": 1.262539841234684,
  "minor_collections": 165,
  "major_collections": 1,
  "compactions": 0,
  "top_heap_gb": 0.01262664794921875,
  "stack_kb": 0.3671875,
  "minor_heap_kb": 8192.0,
  "attributes_table": {
    "num_bindings": 28,
    "num_buckets": 16,
    "max_bucket_length": 5
  }
}