{
  "rtime": 0.15881896018981934,
  "utime": 0.11088600000000001,
  "stime": 0.030564,
  "cutime": 0.004711,
  "cstime": 0.002815,
  "minor_gb": 0.04061197489500046,
  "promoted_gb": 0.0027681589126586914,
  "major_gb": 0.007849730551242828,
  "allocated_gb": 0.045693546533584595,
  "minor_collections": 9,
  "major_collections": 0,
  "compactions": 0,
  "top_heap_gb": 0.01262664794921875,
  "stack_kb": 0.3671875,
  "minor_heap_kb": 8192.0,
  "attributes_table": {
    "num_bindings": 2,
    "num_buckets": 16,
    "max_bucket_length": 2
  }
}