{
  "rtime": 5.283638000488281,
  "utime": 2.773239,
  "stime": 0.10262,
  "cutime": 0.00356,
  "cstime": 0.002331,
  "minor_gb": 3.318004846572876,
  "promoted_gb": 0.01850857585668564,
  "major_gb": 0.025612622499465942,
  "allocated_gb": 3.3251088932156563,
  "minor_collections": 430,
  "major_collections": 4,
  "compactions": 0,
  "top_heap_gb": 0.0192108154296875,
  "stack_kb": 0.3671875,
  "minor_heap_kb": 8192.0,
  "attributes_table": {
    "num_bindings": 38,
    "num_buckets": 32,
    "max_bucket_length": 5
  }
}