{
  "rtime": 1.0890991687774658,
  "utime": 0.8187869999999999,
  "stime": 0.057190000000000005,
  "cutime": 0.004429,
  "cstime": 0.002924,
  "minor_gb": 0.8332624137401581,
  "promoted_gb": 0.005538582801818848,
  "major_gb": 0.010757192969322205,
  "allocated_gb": 0.8384810239076614,
  "minor_collections": 111,
  "major_collections": 1,
  "compactions": 0,
  "top_heap_gb": 0.01262664794921875,
  "stack_kb": 0.3671875,
  "minor_heap_kb": 8192.0,
  "attributes_table": {
    "num_bindings": 8,
    "num_buckets": 16,
    "max_bucket_length": 1
  }
}