{
  "rtime": 0.1408069133758545,
  "utime": 0.10065500000000001,
  "stime": 0.026343,
  "cutime": 0.004396,
  "cstime": 0.002723,
  "minor_gb": 0.040268272161483765,
  "promoted_gb": 0.0027719661593437195,
  "major_gb": 0.007982216775417328,
  "allocated_gb": 0.04547852277755737,
  "minor_collections": 9,
  "major_collections": 0,
  "compactions": 0,
  "top_heap_gb": 0.01262664794921875,
  "stack_kb": 0.3671875,
  "minor_heap_kb": 8192.0,
  "attributes_table": {
    "num_bindings": 6,
    "num_buckets": 16,
    "max_bucket_length": 2
  }
}