{
  "rtime": 0.03745889663696289,
  "utime": 0.015913,
  "stime": 0.006026,
  "cutime": 0.004491,
  "cstime": 0.003837,
  "minor_gb": 0.007264330983161926,
  "promoted_gb": 0.0015847980976104736,
  "major_gb": 0.0016203224658966064,
  "allocated_gb": 0.007299855351448059,
  "minor_collections": 5,
  "major_collections": 0,
  "compactions": 0,
  "top_heap_gb": 0.003662109375,
  "stack_kb": 0.3671875,
  "minor_heap_kb": 8192.0,
  "attributes_table": {
    "num_bindings": 0,
    "num_buckets": 16,
    "max_bucket_length": 0
  }
}