{
  "rtime": 0.1387782096862793,
  "utime": 0.072715,
  "stime": 0.035151,
  "cutime": 0.004513,
  "cstime": 0.003028,
  "minor_gb": 0.011572197079658508,
  "promoted_gb": 0.0015847980976104736,
  "major_gb": 0.006641820073127747,
  "allocated_gb": 0.01662921905517578,
  "minor_collections": 5,
  "major_collections": 0,
  "compactions": 0,
  "top_heap_gb": 0.01262664794921875,
  "stack_kb": 0.3671875,
  "minor_heap_kb": 8192.0,
  "attributes_table": {
    "num_bindings": 5,
    "num_buckets": 16,
    "max_bucket_length": 2
  }
}