{
  "rtime": 0.8018250465393066,
  "utime": 0.417464,
  "stime": 0.039916,
  "cutime": 0.003657,
  "cstime": 0.002509,
  "minor_gb": 0.4259832203388214,
  "promoted_gb": 0.003932572901248932,
  "major_gb": 0.009135708212852478,
  "allocated_gb": 0.43118635565042496,
  "minor_collections": 59,
  "major_collections": 1,
  "compactions": 0,
  "top_heap_gb": 0.01262664794921875,
  "stack_kb": 0.3671875,
  "minor_heap_kb": 8192.0,
  "attributes_table": {
    "num_bindings": 7,
    "num_buckets": 16,
    "max_bucket_length": 2
  }
}