{
  "rtime": 0.09118509292602539,
  "utime": 0.05967700000000001,
  "stime": 0.018019,
  "cutime": 0.004059,
  "cstime": 0.002826,
  "minor_gb": 0.010142862796783447,
  "promoted_gb": 0.0015847980976104736,
  "major_gb": 0.006640799343585968,
  "allocated_gb": 0.015198864042758942,
  "minor_collections": 5,
  "major_collections": 0,
  "compactions": 0,
  "top_heap_gb": 0.01262664794921875,
  "stack_kb": 0.3671875,
  "minor_heap_kb": 8192.0,
  "attributes_table": {
    "num_bindings": 1,
    "num_buckets": 16,
    "max_bucket_length": 1
  }
}