{
  "rtime": 0.03791213035583496,
  "utime": 0.014073999999999998,
  "stime": 0.006756999999999999,
  "cutime": 0.004272,
  "cstime": 0.003181,
  "minor_gb": 0.0074729397892951965,
  "promoted_gb": 0.0015847980976104736,
  "major_gb": 0.001688539981842041,
  "allocated_gb": 0.007576681673526764,
  "minor_collections": 5,
  "major_collections": 0,
  "compactions": 0,
  "top_heap_gb": 0.003662109375,
  "stack_kb": 0.3671875,
  "minor_heap_kb": 8192.0,
  "attributes_table": {
    "num_bindings": 0,
    "num_buckets": 16,
    "max_bucket_length": 0
  }
}