{
  "rtime": 0.042372941970825195,
  "utime": 0.021476,
  "stime": 0.006936999999999999,
  "cutime": 0.004334,
  "cstime": 0.002587,
  "minor_gb": 0.007213763892650604,
  "promoted_gb": 0.0015847980976104736,
  "major_gb": 0.0016305074095726013,
  "allocated_gb": 0.007259473204612732,
  "minor_collections": 5,
  "major_collections": 0,
  "compactions": 0,
  "top_heap_gb": 0.003662109375,
  "stack_kb": 0.3671875,
  "minor_heap_kb": 8192.0,
  "attributes_table": {
    "num_bindings": 0,
    "num_buckets": 16,
    "max_bucket_length": 0
  }
}