{
  "rtime": 0.04156184196472168,
  "utime": 0.018839999999999996,
  "stime": 0.006366,
  "cutime": 0.004681,
  "cstime": 0.002916,
  "minor_gb": 0.007196307182312012,
  "promoted_gb": 0.0015847980976104736,
  "major_gb": 0.0016253069043159485,
  "allocated_gb": 0.007236815989017487,
  "minor_collections": 5,
  "major_collections": 0,
  "compactions": 0,
  "top_heap_gb": 0.003662109375,
  "stack_kb": 0.3671875,
  "minor_heap_kb": 8192.0,
  "attributes_table": {
    "num_bindings": 0,
    "num_buckets": 16,
    "max_bucket_length": 0
  }
}